	18802	59017	59018	59046	59728	59740	59782	59904	60620	Country	GeneName
ERR4065454	0	0	0	0	0	0	0	0	0	French Polynesia	NA
ERR4065455	0	0	0	0	0	0	0	0	0	French Polynesia	NA
ERR4065456	0	0	0	0	0	0	0	0	0	French Polynesia	NA
ERR4065457	0	0	0	0	0	0	0	0	0	French Polynesia	NA
ERR4065458	0	0	0	0	0	0	0	0	0	French Polynesia	NA
ERR4065459	0	0	0	0	0	0	0	0	0	French Polynesia	NA
ERR4065460	0	0	0	0	0	0	0	0	0	French Polynesia	NA
ERR4065462	0	0	0	0	0	0	0	0	0	French Polynesia	NA
ERR4065463	0	0	0	0	0	0	0	0	0	French Polynesia	NA
ERR4065465	0	1	0	0	1	0	1	0	0	Thailand	NA
ERR4065466	0	1	0	0	0	0	1	0	0	Thailand	NA
ERR4065468	0	1	0	0	0	0	1	0	0	Thailand	NA
ERR4065469	0	1	0	0	0	0	1	0	0	Thailand	NA
ERR4065470	1	1	0	1	1	0	1	0	0	Thailand	NA
ERR4065471	0	1	0	0	1	0	1	0	0	Thailand	NA
ERR4065472	0	1	0	0	1	0	1	0	0	Thailand	NA
ERR4065473	0	1	0	0	1	0	1	0	0	Thailand	NA
SRR11006478	0	0	0	0	0	0	0	0	0	Senegal	NA
SRR11006479	0	0	0	0	0	0	0	0	0	Senegal	NA
SRR11006480	0	0	0	0	0	0	0	0	0	Senegal	NA
SRR11006481	0	0	0	0	0	0	0	0	0	Senegal	NA
SRR11006482	0	0	0	0	0	0	0	0	0	Senegal	NA
SRR11006483	0	0	0	0	0	0	0	0	0	Senegal	NA
SRR11006484	0	0	0	0	0	0	0	0	0	Senegal	NA
SRR11006485	0	0	0	0	0	0	0	0	0	Senegal	NA
SRR11006486	0	0	0	0	0	0	0	0	0	Kenya	NA
SRR11006487	0	1	0	0	0	0	0	0	0	Thailand	NA
SRR11006488	0	0	0	0	0	0	0	0	0	Senegal	NA
SRR11006489	0	0	0	0	0	0	0	0	0	Senegal	NA
SRR11006490	0	0	0	0	0	0	0	0	0	Senegal	NA
SRR11006491	0	0	0	0	0	0	0	0	0	Senegal	NA
SRR11006492	0	0	0	0	0	0	0	0	0	Senegal	NA
SRR11006493	0	0	0	0	0	0	0	0	0	Senegal	NA
SRR11006494	0	0	0	0	0	0	0	0	0	Senegal	NA
SRR11006495	0	0	0	0	0	0	0	0	0	Senegal	NA
SRR11006496	0	0	0	0	0	0	0	0	0	Senegal	NA
SRR11006497	0	0	0	0	0	0	0	0	0	Senegal	NA
SRR11006498	0	0	0	0	0	0	0	0	0	Kenya	NA
SRR11006499	0	0	0	0	0	0	0	0	0	Senegal	NA
SRR11006500	0	0	0	0	0	0	0	0	0	Senegal	NA
SRR11006501	0	0	0	0	0	0	0	0	0	Senegal	NA
SRR11006502	0	0	0	0	0	0	0	0	0	Senegal	NA
SRR11006503	0	0	0	0	0	0	0	0	0	Senegal	NA
SRR11006504	0	0	0	0	0	0	0	0	0	Senegal	NA
SRR11006505	0	0	0	0	0	0	0	0	0	Senegal	NA
SRR11006506	0	0	0	0	0	0	0	0	0	Senegal	NA
SRR11006507	0	0	0	0	0	0	0	0	0	Senegal	NA
SRR11006508	0	0	0	0	0	0	0	0	0	Senegal	NA
SRR11006509	0	0	0	0	0	0	0	0	0	Kenya	NA
SRR11006510	0	0	0	0	0	0	0	0	0	Senegal	NA
SRR11006511	0	0	0	0	0	0	0	0	0	Senegal	NA
SRR11006512	1	0	0	0	0	0	0	0	0	Senegal	NA
SRR11006513	0	0	0	0	0	0	0	0	0	Senegal	NA
SRR11006514	0	0	0	0	0	0	0	0	0	Burkina Faso	NA
SRR11006515	0	0	0	0	0	0	0	0	0	Burkina Faso	NA
SRR11006516	0	0	0	0	0	0	0	0	0	Burkina Faso	NA
SRR11006517	0	0	0	0	0	0	0	0	0	Burkina Faso	NA
SRR11006519	0	0	0	0	0	0	0	0	0	Burkina Faso	NA
SRR11006520	1	0	0	0	0	0	0	0	0	Kenya	NA
SRR11006521	0	0	0	0	0	0	0	0	0	Burkina Faso	NA
SRR11006522	0	0	0	0	0	0	0	0	0	Burkina Faso	NA
SRR11006523	0	0	0	0	0	0	0	0	0	Burkina Faso	NA
SRR11006524	0	0	0	0	0	0	0	0	0	Burkina Faso	NA
SRR11006525	0	0	0	0	0	0	0	0	0	Burkina Faso	NA
SRR11006526	0	1	0	0	0	0	0	0	0	Burkina Faso	NA
SRR11006527	0	0	0	0	0	0	0	0	0	Burkina Faso	NA
SRR11006528	0	0	0	0	0	0	0	0	0	Burkina Faso	NA
SRR11006529	0	0	0	0	0	0	0	0	0	Burkina Faso	NA
SRR11006530	0	0	0	0	0	0	0	0	0	Burkina Faso	NA
SRR11006531	0	0	0	0	0	0	0	0	0	Kenya	NA
SRR11006532	0	0	0	0	0	0	0	0	0	Ghana	NA
SRR11006533	0	0	0	0	0	0	0	0	0	Ghana	NA
SRR11006534	0	1	0	0	0	0	0	0	0	Ghana	NA
SRR11006535	0	1	0	0	0	0	0	0	0	Ghana	NA
SRR11006536	0	1	0	0	0	0	0	0	0	Ghana	NA
SRR11006537	0	1	0	0	0	0	0	0	0	Ghana	NA
SRR11006538	0	1	0	0	0	0	0	0	0	Ghana	NA
SRR11006539	0	1	0	0	0	0	0	0	0	Ghana	NA
SRR11006540	0	0	0	0	0	0	0	0	0	Ghana	NA
SRR11006541	0	1	0	0	0	0	0	0	0	Ghana	NA
SRR11006542	0	0	0	0	0	0	0	0	0	Kenya	NA
SRR11006543	0	1	0	0	0	0	0	0	0	Ghana	NA
SRR11006544	0	1	0	0	0	0	0	0	0	Ghana	NA
SRR11006545	1	1	0	0	0	0	0	0	0	Ghana	NA
SRR11006546	0	1	0	0	0	0	0	0	0	Ghana	NA
SRR11006547	0	1	0	0	0	0	0	0	0	Ghana	NA
SRR11006548	0	1	0	0	0	0	0	0	0	Ghana	NA
SRR11006549	0	1	0	0	0	0	0	0	0	Ghana	NA
SRR11006550	0	0	0	0	0	0	0	0	0	Ghana	NA
SRR11006551	0	1	0	0	0	0	0	0	0	Ghana	NA
SRR11006552	0	1	0	0	0	0	0	0	0	Ghana	NA
SRR11006553	0	0	0	0	0	0	0	0	0	Kenya	NA
SRR11006554	0	1	0	0	0	0	0	0	0	Ghana	NA
SRR11006555	0	1	0	0	0	0	0	0	0	Ghana	NA
SRR11006556	0	1	0	0	0	0	0	0	0	Ghana	NA
SRR11006557	0	0	0	0	0	0	0	0	0	Ghana	NA
SRR11006558	0	0	0	0	0	0	0	0	0	Ghana	NA
SRR11006559	0	0	0	0	0	0	0	0	0	Ghana	NA
SRR11006560	0	1	0	0	0	0	0	0	0	Ghana	NA
SRR11006561	0	1	0	0	0	0	0	0	0	Ghana	NA
SRR11006562	0	0	0	0	0	0	0	0	0	Ghana	NA
SRR11006563	0	1	0	0	0	0	0	0	0	Ghana	NA
SRR11006564	0	0	0	0	0	0	0	0	0	Kenya	NA
SRR11006565	0	0	0	0	0	0	0	0	0	Ghana	NA
SRR11006566	0	1	0	0	0	0	0	0	0	Ghana	NA
SRR11006567	0	1	0	0	0	0	0	0	0	Ghana	NA
SRR11006568	0	1	0	0	0	0	0	0	0	Ghana	NA
SRR11006569	0	0	0	0	0	0	0	0	0	Ghana	NA
SRR11006570	0	1	0	0	0	0	0	0	0	Ghana	NA
SRR11006571	0	0	0	0	0	0	0	0	0	Ghana	NA
SRR11006572	1	0	0	0	0	0	0	0	0	Ghana	NA
SRR11006573	0	1	0	0	0	0	0	0	0	Ghana	NA
SRR11006574	0	0	0	0	0	0	0	0	0	Ghana	NA
SRR11006575	0	0	0	0	0	0	0	0	0	Kenya	NA
SRR11006576	0	0	0	0	0	0	0	0	0	Ghana	NA
SRR11006577	0	0	0	0	0	0	0	0	0	Ghana	NA
SRR11006578	0	0	0	0	0	0	0	0	0	Senegal	NA
SRR11006579	0	0	0	0	0	0	0	0	0	Senegal	NA
SRR11006580	0	0	0	0	0	0	0	0	0	Senegal	NA
SRR11006581	0	0	0	0	0	0	0	0	0	Senegal	NA
SRR11006582	0	0	0	0	0	0	0	0	0	Senegal	NA
SRR11006583	0	0	0	0	0	0	0	0	0	Senegal	NA
SRR11006584	0	0	0	0	0	0	0	0	0	Senegal	NA
SRR11006585	0	0	0	0	0	0	0	0	0	Senegal	NA
SRR11006586	0	0	0	0	0	0	0	0	0	Kenya	NA
SRR11006587	0	0	0	0	0	0	0	0	0	Senegal	NA
SRR11006588	0	0	0	0	0	0	0	0	0	Senegal	NA
SRR11006589	0	0	0	0	0	0	0	0	0	Senegal	NA
SRR11006590	0	0	0	0	0	0	0	0	0	Nigeria	NA
SRR11006591	0	0	0	0	0	0	0	0	0	Nigeria	NA
SRR11006592	0	0	0	0	0	0	0	0	0	Nigeria	NA
SRR11006593	0	0	0	0	0	0	0	0	0	Nigeria	NA
SRR11006594	0	0	0	0	0	0	0	0	0	Nigeria	NA
SRR11006595	0	0	0	0	0	0	0	0	0	Nigeria	NA
SRR11006596	0	1	0	0	0	0	0	0	1	Nigeria	NA
SRR11006597	0	0	0	0	0	0	0	0	0	Kenya	NA
SRR11006598	0	1	0	1	1	0	1	0	0	Thailand	NA
SRR11006599	0	0	0	0	0	0	0	0	0	Nigeria	NA
SRR11006600	0	0	0	0	0	0	0	0	0	Nigeria	NA
SRR11006601	0	0	0	0	0	0	0	0	0	Nigeria	NA
SRR11006602	0	0	0	0	0	0	0	0	0	Nigeria	NA
SRR11006603	0	0	0	0	0	0	0	0	0	Nigeria	NA
SRR11006604	0	0	0	0	0	0	0	0	0	Nigeria	NA
SRR11006605	0	0	0	0	0	0	0	0	0	Nigeria	NA
SRR11006606	0	0	0	0	0	0	0	0	0	Nigeria	NA
SRR11006607	0	0	0	0	0	0	0	0	0	Nigeria	NA
SRR11006608	0	0	0	0	0	0	0	0	0	Nigeria	NA
SRR11006609	0	0	0	0	0	0	0	0	0	Kenya	NA
SRR11006610	0	0	0	0	0	0	0	0	0	Nigeria	NA
SRR11006611	0	0	0	0	1	0	1	0	0	Nigeria	NA
SRR11006612	0	1	0	0	0	0	0	0	1	Burkina Faso	NA
SRR11006613	1	1	0	0	0	0	0	0	1	Burkina Faso	NA
SRR11006614	0	1	0	0	0	0	0	0	1	Burkina Faso	NA
SRR11006615	0	1	0	0	0	0	0	0	1	Burkina Faso	NA
SRR11006616	0	1	0	0	0	0	0	0	1	Burkina Faso	NA
SRR11006617	0	1	0	0	0	0	0	0	1	Burkina Faso	NA
SRR11006618	0	1	0	0	0	0	0	0	1	Burkina Faso	NA
SRR11006619	1	1	0	0	0	0	0	0	1	Burkina Faso	NA
SRR11006620	0	0	0	0	0	0	0	0	0	Kenya	NA
SRR11006621	0	1	0	0	0	0	0	0	1	Burkina Faso	NA
SRR11006622	0	1	0	0	0	0	0	0	1	Burkina Faso	NA
SRR11006623	0	1	0	0	0	0	0	0	1	Burkina Faso	NA
SRR11006624	1	1	0	0	0	0	0	0	0	Burkina Faso	NA
SRR11006626	0	1	0	0	0	0	0	0	1	Burkina Faso	NA
SRR11006627	0	1	0	0	0	0	0	0	1	Burkina Faso	NA
SRR11006628	0	1	0	0	0	0	0	0	1	Burkina Faso	NA
SRR11006629	1	1	0	0	0	0	0	0	1	Burkina Faso	NA
SRR11006630	0	1	0	0	0	0	0	0	1	Burkina Faso	NA
SRR11006631	0	0	0	0	0	0	0	0	0	Kenya	NA
SRR11006632	0	1	0	0	0	0	0	0	1	Burkina Faso	NA
SRR11006633	0	1	0	0	0	0	0	0	1	Burkina Faso	NA
SRR11006634	0	0	0	0	0	0	0	0	0	Kenya	NA
SRR11006635	0	0	0	0	0	0	0	0	0	Kenya	NA
SRR11006636	0	0	0	0	0	0	0	0	0	Kenya	NA
SRR11006637	0	0	0	0	0	0	0	0	0	Kenya	NA
SRR11006638	0	0	0	0	0	0	0	0	0	Kenya	NA
SRR11006639	0	0	0	0	0	0	0	0	0	Kenya	NA
SRR11006640	0	0	0	0	0	0	0	0	0	Kenya	NA
SRR11006641	0	0	0	0	0	0	0	0	0	Kenya	NA
SRR11006642	0	0	0	0	0	0	0	0	0	Kenya	NA
SRR11006643	0	0	0	0	0	0	0	0	0	Kenya	NA
SRR11006644	0	0	0	0	0	0	0	0	0	Kenya	NA
SRR11006645	0	0	0	0	0	0	0	0	0	Kenya	NA
SRR11006646	0	0	0	0	0	0	0	0	0	Kenya	NA
SRR11006647	0	0	0	0	0	0	0	0	0	Kenya	NA
SRR11006648	0	0	0	0	0	0	0	0	0	Kenya	NA
SRR11006649	0	0	0	0	0	0	0	0	0	Kenya	NA
SRR11006650	0	1	0	0	0	0	0	0	0	Kenya	NA
SRR11006651	0	0	0	0	0	0	0	0	0	Kenya	NA
SRR11006652	0	0	0	0	0	0	0	0	0	Kenya	NA
SRR11006653	0	0	0	0	0	0	0	0	0	Kenya	NA
SRR11006654	0	0	0	0	0	0	0	0	0	Kenya	NA
SRR11006655	0	0	0	0	0	0	0	0	0	Kenya	NA
SRR11006656	1	0	0	0	0	0	0	0	0	Kenya	NA
SRR11006657	0	0	0	0	0	0	0	0	0	Kenya	NA
SRR11006658	0	0	0	0	0	0	0	0	0	Kenya	NA
SRR11006659	0	0	0	0	0	0	0	0	0	Kenya	NA
SRR11006660	1	1	0	0	0	0	0	0	0	Thailand	NA
SRR11006661	0	0	0	0	0	0	0	0	0	Kenya	NA
SRR11006662	0	0	0	0	0	0	0	0	0	Kenya	NA
SRR11006663	0	0	0	0	0	0	0	0	0	Kenya	NA
SRR11006664	0	0	0	0	0	0	0	0	0	Kenya	NA
SRR11006665	0	0	0	0	0	0	0	0	0	Kenya	NA
SRR11006666	0	0	0	0	0	0	0	0	0	Kenya	NA
SRR11006667	0	0	0	0	0	0	0	0	0	Kenya	NA
SRR11006668	0	0	0	0	0	0	0	0	0	Kenya	NA
SRR11006669	0	0	0	0	0	0	0	0	0	Kenya	NA
SRR11006670	0	0	0	0	0	0	0	0	0	Kenya	NA
SRR11006671	1	1	0	0	0	0	0	0	0	Thailand	NA
SRR11006672	0	0	0	0	0	0	0	0	0	Kenya	NA
SRR11006673	0	1	0	0	0	0	0	0	0	Kenya	NA
SRR11006674	0	1	0	0	0	0	0	0	0	Kenya	NA
SRR11006675	1	0	0	0	0	0	0	0	0	Kenya	NA
SRR11006676	0	0	0	0	0	0	0	0	0	Kenya	NA
SRR11006677	0	0	0	0	0	0	0	0	0	Kenya	NA
SRR11006678	0	1	0	0	0	0	0	0	0	Kenya	NA
SRR11006679	0	0	0	0	0	0	0	0	0	Kenya	NA
SRR11006680	0	0	0	0	0	0	0	0	0	Kenya	NA
SRR11006681	0	0	0	0	0	0	0	0	0	Kenya	NA
SRR11006682	1	1	0	1	1	0	1	0	0	Thailand	NA
SRR11006683	0	0	0	0	0	0	0	0	0	Kenya	NA
SRR11006684	0	0	0	0	0	0	0	0	0	Kenya	NA
SRR11006685	0	0	0	0	0	0	0	0	0	Kenya	NA
SRR11006686	0	0	0	0	0	0	0	0	0	Kenya	NA
SRR11006687	0	0	0	0	0	0	0	0	0	Kenya	NA
SRR11006689	0	0	0	0	0	0	0	0	0	Kenya	NA
SRR11006690	0	0	0	0	0	0	0	0	0	Kenya	NA
SRR11006691	0	0	0	0	0	0	0	0	0	Kenya	NA
SRR11006692	0	0	0	0	0	0	0	0	0	Kenya	NA
SRR11006693	0	1	0	1	0	0	0	0	0	Thailand	NA
SRR11006694	0	0	0	0	0	0	0	0	0	Kenya	NA
SRR11006695	0	0	0	0	0	0	0	0	0	Kenya	NA
SRR11006696	0	0	0	0	0	0	0	0	0	Kenya	NA
SRR11006697	0	0	0	0	0	0	0	0	0	Kenya	NA
SRR11006698	0	0	0	0	0	0	0	0	0	Kenya	NA
SRR11006699	0	0	0	0	0	0	0	0	0	Kenya	NA
SRR11006700	0	0	0	0	0	0	0	0	0	Kenya	NA
SRR11006701	0	0	0	0	0	0	0	0	0	Kenya	NA
SRR11006702	0	0	0	0	0	0	0	0	0	Kenya	NA
SRR11006703	0	0	0	0	0	0	0	0	0	Kenya	NA
SRR11006704	0	1	0	1	1	0	1	0	0	Thailand	NA
SRR11006705	0	0	0	0	0	0	0	0	0	Kenya	NA
SRR11006706	0	0	0	0	0	0	0	0	0	Kenya	NA
SRR11006707	0	0	0	0	0	0	0	0	0	Madagascar	NA
SRR11006708	0	0	0	0	0	0	0	0	0	Madagascar	NA
SRR11006709	0	0	0	0	0	0	0	0	0	Madagascar	NA
SRR11006710	0	0	0	0	0	0	0	0	0	Madagascar	NA
SRR11006711	0	0	0	0	0	0	0	0	0	Senegal	NA
SRR11006712	0	0	0	0	0	0	0	0	0	Senegal	NA
SRR11006713	0	0	0	0	0	0	0	0	0	Senegal	NA
SRR11006714	0	0	0	0	0	0	0	0	0	Senegal	NA
SRR11006715	0	0	0	0	0	0	0	0	0	Senegal	NA
SRR11006716	0	0	0	0	0	0	0	0	0	Senegal	NA
SRR11006717	0	0	0	0	0	0	0	0	0	Kenya	NA
SRR11006718	0	0	0	0	0	0	0	0	0	Senegal	NA
SRR11006719	0	0	0	0	0	0	0	0	0	Senegal	NA
SRR11006720	0	0	0	0	0	0	0	0	0	Senegal	NA
SRR11006721	0	0	0	0	0	0	0	0	0	Senegal	NA
SRR11006722	0	0	0	0	0	0	0	0	0	Senegal	NA
SRR11006723	0	0	0	0	0	0	0	0	0	Senegal	NA
SRR11006724	0	0	0	0	0	0	0	0	0	Senegal	NA
SRR11006725	1	0	0	0	0	0	0	0	0	Senegal	NA
SRR11006726	0	0	0	0	0	0	0	0	0	Senegal	NA
SRR11006727	0	0	0	0	0	0	0	0	0	Senegal	NA
SRR11006728	0	0	0	0	0	0	0	0	0	Kenya	NA
SRR11006729	0	0	0	0	0	0	0	0	0	Senegal	NA
SRR11006730	0	0	0	0	0	0	0	0	0	Senegal	NA
SRR11006731	0	0	0	0	0	0	0	0	0	Senegal	NA
SRR11006732	0	0	0	0	0	0	0	0	0	Senegal	NA
SRR11006733	0	0	0	0	0	0	0	0	0	Senegal	NA
SRR11006734	0	0	0	0	0	0	0	0	0	Senegal	NA
SRR11006735	0	0	0	0	0	0	0	0	0	Senegal	NA
SRR11006736	0	0	0	0	0	0	0	0	0	Senegal	NA
SRR11006737	0	0	0	0	0	0	0	0	0	Senegal	NA
SRR11006738	0	0	0	0	0	0	0	0	0	Senegal	NA
SRR11006739	0	0	0	0	0	0	0	0	0	Kenya	NA
SRR11006740	0	0	0	0	0	0	0	0	0	Senegal	NA
SRR11006741	0	0	0	0	0	0	0	0	0	Senegal	NA
SRR11006742	0	0	0	0	0	0	0	0	0	Senegal	NA
SRR11006743	0	0	0	0	0	0	0	0	0	Senegal	NA
SRR11006744	0	0	0	0	0	0	0	0	0	Senegal	NA
SRR11006745	0	0	0	0	0	0	0	0	0	Senegal	NA
SRR11006746	0	0	0	0	0	0	0	0	0	Senegal	NA
SRR11006747	0	0	0	0	0	0	0	0	0	Senegal	NA
SRR11006748	0	0	0	0	0	0	0	0	0	Senegal	NA
SRR11006749	0	0	0	0	0	0	0	0	0	Senegal	NA
SRR11006750	0	0	0	0	0	0	0	0	0	Kenya	NA
SRR11006751	0	0	0	0	0	0	0	0	0	Senegal	NA
SRR11006752	0	0	0	0	0	0	0	0	0	Senegal	NA
SRR11006753	0	0	0	0	0	0	0	0	0	Senegal	NA
SRR11006754	0	0	0	0	0	0	0	0	0	Senegal	NA
SRR11006755	0	0	0	0	0	0	0	0	0	Senegal	NA
SRR11006756	0	0	0	0	0	0	0	0	0	Senegal	NA
SRR11006757	1	0	0	0	0	0	0	0	0	Senegal	NA
SRR11006758	0	0	0	0	0	0	0	0	0	Senegal	NA
SRR11006759	0	0	0	0	0	0	0	0	0	Senegal	NA
SRR11006760	0	0	0	0	0	0	0	0	0	Senegal	NA
SRR11006762	0	0	0	0	0	0	0	0	0	Senegal	NA
SRR11006763	0	0	0	0	0	0	0	0	0	Senegal	NA
SRR11006765	0	0	0	0	0	0	0	0	0	Senegal	NA
SRR11006766	0	0	0	0	0	0	0	0	0	Senegal	NA
SRR11006767	0	0	0	0	0	0	0	0	0	Senegal	NA
SRR11006768	0	0	0	0	0	0	0	0	0	Senegal	NA
SRR11006769	0	0	0	0	0	0	0	0	0	Senegal	NA
SRR11006770	0	0	0	0	0	0	0	0	0	Senegal	NA
SRR11006771	0	0	0	0	0	0	0	0	0	Senegal	NA
SRR11006772	0	0	0	0	0	0	0	0	0	Kenya	NA
SRR11006773	0	0	0	0	0	0	0	0	0	Senegal	NA
SRR11006774	0	0	0	0	0	0	0	0	0	Senegal	NA
SRR11006775	0	0	0	0	0	0	0	0	0	Senegal	NA
SRR11006776	0	0	0	0	0	0	0	0	0	Senegal	NA
SRR11006777	0	0	0	0	0	0	0	0	0	Senegal	NA
SRR11006778	0	0	0	0	0	0	0	0	0	Senegal	NA
SRR11006779	0	0	0	0	0	0	0	0	0	Senegal	NA
SRR11006780	0	0	0	0	0	0	0	0	0	Senegal	NA
SRR11006781	0	0	0	0	0	0	0	0	0	Senegal	NA
SRR11006782	0	0	0	0	0	0	0	0	0	Senegal	NA
SRR11006783	0	0	0	0	0	0	0	0	0	Kenya	NA
SRR11006784	0	0	0	0	0	0	0	0	0	Senegal	NA
SRR11006785	0	0	0	0	0	0	0	0	0	Senegal	NA
SRR11006786	0	0	0	0	0	0	0	0	0	Kenya	NA
SRR11006787	0	0	0	0	0	0	0	0	0	Gabon	NA
SRR11006788	0	0	0	0	0	0	0	0	0	Gabon	NA
SRR11006789	0	0	0	0	0	0	0	0	0	Kenya	NA
SRR11006791	0	0	0	0	0	0	0	0	0	Gabon	NA
SRR11006792	0	0	0	0	0	0	0	0	0	Gabon	NA
SRR11006794	0	0	0	0	0	0	0	0	0	Gabon	NA
SRR11006795	0	0	0	0	0	0	0	0	0	Gabon	NA
SRR11006796	0	0	0	0	0	0	0	0	0	Gabon	NA
SRR11006797	0	0	0	0	0	0	0	0	0	Gabon	NA
SRR11006798	0	0	0	0	0	0	0	0	0	Gabon	NA
SRR11006799	1	0	0	0	0	0	0	0	0	Gabon	NA
SRR11006800	0	0	0	0	0	0	0	0	0	Kenya	NA
SRR11006801	0	0	0	0	0	0	0	0	0	Gabon	NA
SRR11006802	0	0	0	0	0	0	0	0	0	Gabon	NA
SRR11006803	0	0	0	0	0	0	0	0	0	Gabon	NA
SRR11006804	1	0	0	0	0	0	0	0	0	Gabon	NA
SRR11006805	0	0	0	0	0	0	0	0	0	Gabon	NA
SRR11006806	0	0	0	0	0	0	0	0	0	Gabon	NA
SRR11006807	0	0	0	0	0	0	0	0	0	Gabon	NA
SRR11006808	1	0	0	0	0	0	0	0	0	Gabon	NA
SRR11006809	0	0	0	0	0	0	0	0	0	Gabon	NA
SRR11006810	0	0	0	0	0	0	0	0	0	Gabon	NA
SRR11006812	0	0	0	0	0	0	0	0	0	Gabon	NA
SRR11006813	0	0	0	0	0	0	0	0	0	Gabon	NA
SRR11006814	0	0	0	0	0	0	0	0	0	Gabon	NA
SRR11006815	0	0	0	0	0	0	0	0	0	Gabon	NA
SRR11006816	0	0	0	0	0	0	0	0	0	Gabon	NA
SRR11006817	0	0	0	0	0	0	0	0	0	Gabon	NA
SRR11006818	1	0	0	0	0	0	0	0	0	Gabon	NA
SRR11006819	0	0	0	0	0	0	0	0	0	Gabon	NA
SRR11006820	0	0	0	0	0	0	0	0	0	Gabon	NA
SRR11006821	0	0	0	0	0	0	0	0	0	Gabon	NA
SRR11006822	0	0	0	0	0	0	0	0	0	Kenya	NA
SRR11006824	0	0	0	0	0	0	0	0	0	Gabon	NA
SRR11006825	0	0	0	0	0	0	0	0	0	Gabon	NA
SRR11006826	0	0	0	0	0	0	0	0	0	Gabon	NA
SRR11006827	0	0	0	0	0	0	0	0	0	Gabon	NA
SRR11006828	0	0	0	0	0	0	0	0	0	Gabon	NA
SRR11006829	0	0	0	0	0	0	0	0	0	Gabon	NA
SRR11006830	0	0	0	0	0	0	0	0	0	Gabon	NA
SRR11006831	0	0	0	0	0	0	0	0	0	Gabon	NA
SRR11006832	0	0	0	0	0	0	0	0	0	Gabon	NA
SRR11006833	0	0	0	0	0	0	0	0	0	Kenya	NA
SRR11006834	0	0	0	0	0	0	0	0	0	Gabon	NA
SRR11006835	0	1	0	0	0	0	0	0	0	Brazil	NA
SRR11006836	0	1	0	0	0	0	0	0	0	Brazil	NA
SRR11006837	0	1	0	0	0	0	0	0	0	Brazil	NA
SRR11006838	0	1	0	0	0	0	0	0	0	Brazil	NA
SRR11006839	0	1	0	0	0	0	0	0	0	Brazil	NA
SRR11006840	1	1	0	0	0	0	0	0	0	Brazil	NA
SRR11006841	1	1	0	0	0	0	0	0	0	Brazil	NA
SRR11006842	0	1	0	0	0	0	0	0	0	Brazil	NA
SRR11006843	0	1	0	0	0	0	0	0	0	Brazil	NA
SRR11006844	0	0	0	0	0	0	0	0	0	Kenya	NA
SRR11006845	0	1	0	1	1	0	1	0	0	Thailand	NA
SRR11006847	0	1	0	0	0	0	0	0	0	Brazil	NA
SRR11006848	0	1	0	0	0	0	0	0	0	Brazil	NA
SRR11006850	0	1	0	0	0	0	0	0	0	Brazil	NA
SRR11006851	0	1	0	0	0	0	0	0	0	Brazil	NA
SRR11006852	0	1	0	0	0	0	0	0	0	Brazil	NA
SRR11006853	0	1	0	0	0	0	0	0	0	Brazil	NA
SRR11006854	0	1	0	0	0	0	1	0	0	Brazil	NA
SRR11006855	0	0	0	0	0	0	0	0	0	Kenya	NA
SRR11006856	1	1	0	0	0	0	0	0	0	Thailand	NA
SRR11006857	0	0	0	0	0	0	0	0	0	Kenya	NA
SRR11006858	0	1	0	0	0	0	0	0	0	Kenya	NA
SRR11006859	0	0	0	0	0	0	0	0	0	Kenya	NA
SRR11006860	0	0	0	0	0	0	0	0	0	Kenya	NA
SRR11006861	0	0	0	0	0	0	0	0	0	Kenya	NA
SRR11006862	0	0	0	0	0	0	0	0	0	Kenya	NA
SRR11006863	0	0	0	0	0	0	0	0	0	Uganda	NA
SRR11006864	0	0	0	0	0	0	0	0	0	Uganda	NA
SRR11006865	0	0	0	0	0	0	0	0	0	Uganda	NA
SRR11006866	0	0	0	0	0	0	0	0	0	Uganda	NA
SRR11006867	0	1	0	0	0	0	0	0	0	Thailand	NA
SRR11006868	0	0	0	0	0	0	0	0	0	Uganda	NA
SRR11006869	0	0	0	0	0	0	0	0	0	Uganda	NA
SRR11006870	0	0	0	0	0	0	0	0	0	Uganda	NA
SRR11006871	0	0	0	0	0	0	0	0	0	Uganda	NA
SRR11006872	0	0	0	0	0	0	0	0	0	Uganda	NA
SRR11006873	0	0	0	0	0	0	0	0	0	Uganda	NA
SRR11006874	0	0	0	0	0	0	0	0	0	Uganda	NA
SRR11006875	0	0	0	0	0	0	0	0	0	Uganda	NA
SRR11006877	0	0	0	0	0	0	0	0	0	Uganda	NA
SRR11006878	1	1	0	1	1	0	1	0	0	Thailand	NA
SRR11006879	0	0	0	0	0	0	0	0	0	Uganda	NA
SRR11006880	0	0	0	0	0	0	0	0	0	Uganda	NA
SRR11006881	0	0	0	0	0	0	0	0	0	Uganda	NA
SRR11006882	0	0	0	0	0	0	0	0	0	Uganda	NA
SRR11006883	0	0	0	0	0	0	0	0	0	Uganda	NA
SRR11006884	0	0	0	0	0	0	0	0	0	Uganda	NA
SRR11006885	0	0	0	0	0	0	0	0	0	Kenya	NA
SRR11006887	0	0	0	0	0	0	0	0	0	Kenya	NA
SRR11006888	0	0	0	0	0	0	0	0	0	Kenya	NA
SRR11006889	0	1	0	0	0	0	0	0	0	Thailand	NA
SRR11006890	0	0	0	0	0	0	0	0	0	Kenya	NA
SRR11006891	0	0	0	0	0	0	0	0	0	Kenya	NA
SRR11006892	0	0	0	0	0	0	0	0	0	Kenya	NA
SRR11006893	0	0	0	0	0	0	0	0	0	Kenya	NA
SRR11006894	0	0	0	0	0	0	0	0	0	Kenya	NA
SRR11006895	0	0	0	0	0	0	0	0	0	Kenya	NA
SRR11006896	0	0	0	0	0	0	0	0	0	Kenya	NA
SRR11006897	0	0	0	0	0	0	0	0	0	Kenya	NA
SRR11006898	0	0	0	0	0	0	0	0	0	Kenya	NA
SRR11006899	0	0	0	0	0	0	0	0	0	Kenya	NA
SRR11006900	1	1	0	1	0	0	0	0	0	Thailand	NA
SRR11006901	0	0	0	0	0	0	0	0	0	Kenya	NA
SRR11006902	0	0	0	0	0	0	0	0	0	Kenya	NA
SRR11006903	0	0	0	0	0	0	0	0	0	Kenya	NA
SRR11006904	0	0	0	0	0	0	0	0	0	Kenya	NA
SRR11006905	0	0	0	0	0	0	0	0	0	Kenya	NA
SRR11006906	0	0	0	0	0	0	0	0	0	Kenya	NA
SRR11006907	0	0	0	0	0	0	0	0	0	Uganda	NA
SRR11006908	0	0	0	0	0	0	0	0	0	Uganda	NA
SRR11006909	0	0	0	0	0	0	0	0	0	Uganda	NA
SRR11006910	0	0	0	0	0	0	0	0	0	Uganda	NA
SRR11006911	1	1	0	0	0	0	0	0	0	Thailand	NA
SRR11006912	0	0	0	0	0	0	0	0	0	Uganda	NA
SRR11006913	0	0	0	0	0	0	0	0	0	Uganda	NA
SRR11006914	0	0	0	0	0	0	0	0	0	Uganda	NA
SRR11006915	0	0	0	0	0	0	0	0	0	Uganda	NA
SRR11006916	0	0	0	0	0	0	0	0	0	Uganda	NA
SRR11006917	0	0	0	0	0	0	0	0	0	Uganda	NA
SRR11006918	0	0	0	0	0	0	0	0	0	Uganda	NA
SRR11006919	0	0	0	0	0	0	0	0	0	Uganda	NA
SRR11006920	0	0	0	0	0	0	0	0	0	Uganda	NA
SRR11006921	0	0	0	0	0	0	0	0	0	Uganda	NA
SRR11006922	1	1	0	1	0	0	0	0	0	Thailand	NA
SRR11006923	0	0	0	0	0	0	0	0	0	Uganda	NA
SRR11006924	0	0	0	0	0	0	0	0	0	Uganda	NA
SRR11006925	0	0	0	0	0	0	0	0	0	Uganda	NA
SRR11006926	0	0	0	0	0	0	0	0	0	Uganda	NA
SRR11006927	0	0	0	0	0	0	0	0	0	Uganda	NA
SRR11006928	0	0	0	0	0	0	0	0	0	Uganda	NA
SRR11006929	0	0	0	0	0	0	0	0	0	Kenya	NA
SRR11006930	0	0	0	0	0	0	0	0	0	Kenya	NA
SRR11006931	0	0	0	0	0	0	0	0	0	Kenya	NA
SRR11006932	0	0	0	0	0	0	0	0	0	Kenya	NA
SRR11006933	0	1	0	0	0	0	0	0	0	Thailand	NA
SRR11006934	0	0	0	0	0	0	0	0	0	Kenya	NA
SRR11006935	0	0	0	0	0	0	0	0	0	Kenya	NA
SRR11006936	0	0	0	0	0	0	0	0	0	Kenya	NA
SRR11006938	0	0	0	0	0	0	0	0	0	Kenya	NA
SRR11006939	0	0	0	0	0	0	0	0	0	Kenya	NA
SRR11006940	0	0	0	0	0	0	0	0	0	Kenya	NA
SRR11006941	0	0	0	0	0	0	0	0	0	Kenya	NA
SRR11006942	0	0	0	0	0	0	0	0	0	Kenya	NA
SRR11006943	0	0	0	0	0	0	0	0	0	Kenya	NA
SRR11006944	0	1	0	0	1	0	1	0	0	Thailand	NA
SRR11006945	0	0	0	0	0	0	0	0	0	Kenya	NA
SRR11006946	0	0	0	0	0	0	0	0	0	Kenya	NA
SRR11006947	0	0	0	0	0	0	0	0	0	Kenya	NA
SRR11006948	0	0	0	0	0	0	0	0	0	Kenya	NA
SRR11006949	0	0	0	0	0	0	0	0	0	Kenya	NA
SRR11006950	0	0	0	0	0	0	0	0	0	Kenya	NA
SRR11006951	0	0	0	0	0	0	0	0	0	Kenya	NA
SRR11006952	0	0	0	0	0	0	0	0	0	Kenya	NA
SRR11006953	0	0	0	0	0	0	0	0	0	Kenya	NA
SRR11006954	0	0	0	0	0	0	0	0	0	Kenya	NA
SRR11006955	1	1	0	1	1	0	1	0	0	Thailand	NA
SRR11006956	1	1	0	1	0	0	0	0	0	Thailand	NA
SRR11006957	1	1	0	0	0	0	0	0	0	Thailand	NA
SRR11100104	0	1	0	0	0	0	0	0	1	USA	NA
SRR11100105	0	1	0	0	0	0	0	0	1	USA	NA
SRR11100109	1	1	0	0	0	0	0	0	0	USA	NA
SRR11100110	1	1	0	0	0	0	0	0	1	USA	NA
SRR11100111	1	1	0	0	0	0	0	0	1	USA	NA
SRR11100112	0	1	0	0	0	0	0	0	1	USA	NA
SRR11100113	1	1	0	0	0	0	0	0	1	USA	NA
SRR11100115	0	1	0	0	0	0	0	0	1	USA	NA
SRR11100119	0	1	0	0	0	0	0	0	1	USA	NA
SRR11100120	1	1	0	0	0	0	0	0	0	USA	NA
SRR11100121	1	1	0	0	0	0	0	0	0	USA	NA
SRR11100122	1	1	0	0	0	0	0	0	1	USA	NA
SRR11100125	1	1	0	0	0	0	0	0	1	USA	NA
SRR11100126	1	1	0	0	0	0	0	0	1	USA	NA
SRR11100127	1	1	0	0	0	0	0	0	0	USA	NA
SRR11100128	0	0	1	0	0	0	0	0	0	USA	NA
SRR11100129	0	1	0	0	0	0	0	0	1	USA	NA
SRR11100131	0	1	0	0	0	0	0	0	1	USA	NA
SRR11100133	1	1	0	0	0	0	0	0	1	USA	NA
SRR11100134	1	1	0	0	0	0	0	0	1	USA	NA
SRR11100135	0	1	0	0	0	0	0	0	1	USA	NA
SRR11100136	1	1	0	0	0	0	0	0	0	USA	NA
SRR11100137	1	1	0	0	0	0	0	0	0	USA	NA
SRR11100138	0	1	0	0	0	0	0	0	1	USA	NA
SRR11100139	0	0	0	0	0	0	0	0	0	USA	NA
SRR11100141	1	1	0	0	0	0	0	0	0	USA	NA
SRR11100142	1	1	0	0	0	0	0	0	1	USA	NA
SRR11100146	0	1	0	0	0	0	0	0	0	USA	NA
SRR11100147	1	1	0	0	0	0	0	0	1	USA	NA
SRR11100148	1	1	0	0	0	0	0	0	1	USA	NA
SRR11100149	1	1	0	0	0	0	0	0	0	USA	NA
SRR11100150	1	1	0	0	0	0	0	0	0	USA	NA
SRR11100152	0	0	0	0	0	0	0	0	0	USA	NA
SRR11100154	0	1	0	0	0	0	0	0	1	USA	NA
SRR11100157	1	1	0	0	0	0	0	0	1	USA	NA
SRR11100159	1	1	0	0	0	0	0	0	0	USA	NA
SRR11100161	1	1	0	0	0	0	0	0	0	USA	NA
SRR11100162	1	1	0	0	0	0	0	0	0	USA	NA
SRR11100163	1	0	0	0	0	0	0	0	0	USA	NA
SRR11100166	1	1	0	0	0	0	0	0	1	USA	NA
SRR11100167	1	1	0	0	0	0	0	0	1	USA	NA
SRR11100168	1	1	0	0	0	0	0	0	1	USA	NA
SRR11100169	0	1	0	0	0	0	0	0	0	USA	NA
SRR11100170	1	1	0	0	0	0	0	0	0	USA	NA
SRR11100171	0	1	0	0	0	0	0	0	1	USA	NA
SRR11100172	0	1	0	0	0	0	0	0	1	USA	NA
SRR11100173	0	1	0	0	0	0	0	0	1	USA	NA
SRR11100174	1	1	0	0	0	0	0	0	1	USA	NA
SRR11100176	0	1	0	0	0	0	0	0	1	USA	NA
SRR11100177	0	1	0	0	0	0	0	0	1	USA	NA
SRR11100178	0	1	0	0	0	0	0	0	1	USA	NA
SRR11100181	1	1	0	0	0	0	0	0	1	USA	NA
SRR11100183	1	1	0	0	0	0	0	0	1	USA	NA
SRR11100184	1	1	0	0	0	0	0	0	1	USA	NA
SRR11100185	0	1	0	0	0	0	0	0	1	USA	NA
SRR11100186	1	1	0	0	0	0	0	0	1	USA	NA
SRR11100188	1	1	0	0	0	0	0	0	1	USA	NA
SRR11100191	0	1	0	0	0	0	0	0	1	USA	NA
SRR11100196	1	1	0	0	0	0	0	0	1	USA	NA
SRR11100197	1	1	0	0	0	0	0	0	1	USA	NA
SRR11100198	0	0	0	0	0	0	0	0	0	S. Africa	NA
SRR11100200	1	0	0	0	0	0	0	0	0	S. Africa	NA
SRR11100202	1	1	0	0	0	0	0	0	1	USA	NA
SRR11100203	1	1	0	0	0	0	0	0	1	USA	NA
SRR11196609	0	1	0	0	0	0	0	0	0	American Samoa	NA
SRR11196611	0	1	0	0	0	1	0	0	1	Mexico	NA
SRR11196612	0	1	0	0	0	0	0	0	1	Mexico	NA
SRR11196613	0	1	0	0	0	0	0	0	1	Mexico	NA
SRR11196614	0	1	0	0	0	0	0	0	1	Mexico	NA
SRR11196615	0	1	0	0	0	0	0	0	0	Mexico	NA
SRR11196616	0	0	0	0	0	0	0	0	0	Kenya	NA
SRR11196617	0	1	0	0	0	0	0	0	0	Kenya	NA
SRR11196618	0	0	0	0	0	0	0	0	0	Kenya	NA
SRR11196619	0	0	0	0	0	0	0	0	0	Kenya	NA
SRR11196620	0	0	0	0	0	0	0	0	0	American Samoa	NA
SRR11196621	0	0	0	0	0	0	0	0	0	Kenya	NA
SRR11196622	0	0	0	0	0	0	0	0	0	Kenya	NA
SRR11196623	0	0	0	0	0	0	0	0	0	Kenya	NA
SRR11196624	0	0	0	0	0	0	0	0	0	Kenya	NA
SRR11196625	0	0	0	0	0	0	0	0	0	Kenya	NA
SRR11196626	0	1	0	0	0	0	0	0	0	Kenya	NA
SRR11196627	0	1	0	0	0	0	0	0	0	Kenya	NA
SRR11196628	0	0	0	0	0	0	0	0	0	Kenya	NA
SRR11196629	0	0	0	0	0	0	0	0	0	Kenya	NA
SRR11196630	0	0	0	0	0	0	0	0	0	Kenya	NA
SRR11196631	0	0	0	0	0	1	0	1	0	American Samoa	NA
SRR11196632	0	0	0	0	0	0	0	0	0	Kenya	NA
SRR11196633	0	0	0	0	0	0	0	0	0	Kenya	NA
SRR11196634	0	0	0	0	0	0	0	0	0	Ghana	NA
SRR11196635	0	0	0	0	0	0	0	0	0	Ghana	NA
SRR11196636	0	0	0	0	0	0	0	0	0	Ghana	NA
SRR11196637	0	1	0	0	0	0	0	0	0	Ghana	NA
SRR11196638	0	1	0	0	0	0	0	0	0	Ghana	NA
SRR11196639	0	1	0	0	0	0	0	0	0	Ghana	NA
SRR11196640	0	0	0	0	0	0	0	0	0	Ghana	NA
SRR11196641	0	1	0	0	0	1	0	1	0	American Samoa	NA
SRR11196642	0	0	0	0	0	0	0	0	0	American Samoa	NA
SRR11196643	0	1	0	0	0	0	0	0	0	Mexico	NA
SRR11196644	0	1	0	0	0	0	0	0	0	Mexico	NA
SRR11196645	0	1	0	0	0	0	0	0	1	Mexico	NA
SRR11196646	0	1	0	0	0	0	0	0	0	Mexico	NA
SRR11196647	0	1	0	0	0	0	0	0	0	Mexico	NA
SRR11196648	0	1	0	0	0	1	0	1	0	Mexico	NA
SRR11196649	0	1	0	0	0	0	0	0	1	Mexico	NA
SRR11196650	0	1	0	0	0	0	0	0	0	Mexico	NA
SRR11196651	0	1	0	0	0	0	0	0	1	Mexico	NA
SRR11196652	0	1	0	0	0	0	0	0	1	Mexico	NA
SRR11196653	0	0	0	0	0	0	0	0	0	Ghana	NA
SRR11196654	0	1	0	0	0	0	0	0	0	American Samoa	NA
SRR11196655	0	0	0	0	0	0	0	0	0	Ghana	NA
SRR11196656	0	1	0	0	0	0	0	0	0	Ghana	NA
SRR11196657	0	0	0	0	0	0	0	0	0	Ghana	NA
SRR11196658	0	0	0	0	0	0	0	0	0	Ghana	NA
SRR11196659	0	0	0	0	0	0	0	0	0	Ghana	NA
SRR11196660	0	1	0	0	0	0	0	0	0	Ghana	NA
SRR11196661	0	1	0	0	0	0	0	0	0	Ghana	NA
SRR11196662	0	0	0	0	0	0	0	0	0	Ghana	NA
SRR11196663	0	0	0	0	0	0	0	0	0	Gabon	NA
SRR11196664	0	0	0	0	0	0	0	0	0	Gabon	NA
SRR11196665	0	0	0	0	0	0	0	0	0	American Samoa	NA
SRR11196666	0	0	0	0	0	0	0	0	0	Gabon	NA
SRR11196667	0	0	0	0	0	0	0	0	0	Gabon	NA
SRR11196668	0	0	0	0	0	0	0	0	0	Gabon	NA
SRR11196669	1	0	0	0	0	0	0	0	0	Gabon	NA
SRR11196670	0	0	0	0	0	0	0	0	0	Gabon	NA
SRR11196671	0	0	0	0	0	0	0	0	0	Gabon	NA
SRR11196672	0	0	0	0	0	0	0	0	0	Gabon	NA
SRR11196673	0	0	0	0	0	0	0	0	0	Gabon	NA
SRR11196674	1	0	0	0	0	0	0	0	0	Gabon	NA
SRR11196675	1	0	0	0	0	0	0	0	0	Gabon	NA
SRR11196676	0	0	0	0	0	0	0	0	0	American Samoa	NA
SRR11196677	0	0	0	0	0	0	0	0	0	Gabon	NA
SRR11196678	0	0	0	0	0	0	0	0	0	Gabon	NA
SRR11196679	0	0	0	0	0	0	0	0	0	Gabon	NA
SRR11196680	0	0	0	0	0	0	0	0	0	Gabon	NA
SRR11196681	0	0	0	0	0	1	0	1	0	American Samoa	NA
SRR11196682	0	1	0	0	0	1	0	1	0	American Samoa	NA
SRR11196683	0	1	0	0	0	0	0	0	0	American Samoa	NA
SRR11196684	0	1	0	0	0	0	0	0	0	American Samoa	NA
SRR11196685	0	1	0	0	0	0	0	0	0	American Samoa	NA
SRR11196686	0	1	0	0	0	0	0	0	0	American Samoa	NA
SRR11196687	0	1	0	0	0	0	0	0	0	American Samoa	NA
SRR11196688	0	1	0	0	0	0	0	0	0	American Samoa	NA
SRR11237929	1	1	0	0	0	0	0	0	1	USA	NA
SRR11237930	1	1	0	0	0	0	0	0	1	USA	NA
SRR11237931	0	1	0	0	0	0	0	0	1	USA	NA
SRR11237933	1	1	0	0	0	0	0	0	1	USA	NA
SRR11237935	1	1	0	0	0	0	0	0	1	USA	NA
SRR11237936	1	1	0	0	0	0	0	0	1	USA	NA
SRR11237937	1	1	0	0	0	0	0	0	1	USA	NA
SRR11237938	1	1	0	0	0	0	0	0	1	USA	NA
SRR11237939	1	1	0	0	0	0	0	0	1	USA	NA
SRR11237940	1	1	0	0	0	0	0	0	1	USA	NA
SRR11237941	1	1	0	0	0	0	0	0	1	USA	NA
SRR11237942	0	1	0	0	0	0	0	0	1	USA	NA
SRR11237944	1	1	0	0	0	0	0	0	1	USA	NA
SRR11237945	0	1	0	0	0	0	0	0	1	USA	NA
SRR11237948	1	1	0	0	0	0	0	0	1	USA	NA
SRR11237949	1	1	0	0	0	0	0	0	1	USA	NA
SRR11237950	0	1	0	0	0	0	0	0	1	USA	NA
SRR11237952	1	1	0	0	0	0	0	0	1	USA	NA
SRR11237954	0	1	0	0	0	0	0	0	1	USA	NA
SRR11237955	1	1	0	0	0	0	0	0	1	USA	NA
SRR11237958	0	1	0	0	0	0	0	0	1	USA	NA
SRR11237959	0	1	0	0	0	0	0	0	1	USA	NA
SRR11237960	1	1	0	0	0	0	0	0	1	USA	NA
SRR11237961	1	1	0	0	0	0	0	0	1	USA	NA
SRR11237963	1	1	0	0	0	0	0	0	1	USA	NA
SRR11237964	1	1	0	0	0	0	0	0	1	USA	NA
SRR11237965	0	1	0	0	0	0	0	0	1	USA	NA
SRR11237966	0	1	0	0	0	0	0	0	1	USA	NA
SRR11237971	1	1	0	0	0	0	0	0	1	USA	NA
SRR11237972	1	1	0	0	0	0	0	0	1	USA	NA
SRR11237975	1	1	0	0	0	0	0	0	1	USA	NA
SRR11237977	0	1	0	0	0	0	0	0	1	USA	NA
SRR11237978	0	1	0	0	0	0	0	0	1	USA	NA
SRR11237981	1	1	0	0	0	0	0	0	1	USA	NA
SRR11237982	1	1	0	0	0	0	0	0	1	USA	NA
SRR11237985	1	1	0	0	0	0	0	0	1	USA	NA
SRR11237986	1	1	0	0	0	0	0	0	1	USA	NA
SRR11237987	1	1	0	0	0	0	0	0	1	USA	NA
SRR11237988	0	1	0	0	0	0	0	0	1	USA	NA
SRR11237989	1	1	0	0	0	0	0	0	1	USA	NA
SRR11237991	1	1	0	0	0	0	0	0	1	USA	NA
SRR11237992	1	1	0	0	0	0	0	0	1	USA	NA
SRR11237997	1	1	0	0	0	0	0	0	1	USA	NA
SRR11237998	1	1	0	0	0	0	0	0	1	USA	NA
SRR11237999	0	1	0	0	0	0	0	0	1	USA	NA
SRR11238002	0	1	0	0	0	0	0	0	1	USA	NA
SRR11238003	1	1	0	0	0	0	0	0	1	USA	NA
SRR11238004	0	1	0	0	0	0	0	0	1	USA	NA
SRR11238006	0	1	0	0	0	0	0	0	1	USA	NA
SRR11238007	0	1	0	0	0	0	0	0	1	USA	NA
SRR11238008	1	1	0	0	0	0	0	0	1	USA	NA
SRR11238009	1	1	0	0	0	0	0	0	1	USA	NA
SRR11238010	1	1	0	0	0	0	0	0	1	USA	NA
SRR11238011	0	1	0	0	0	0	0	0	1	USA	NA
SRR11238014	0	1	0	0	0	0	0	0	1	USA	NA
SRR11238015	0	1	0	0	0	0	0	0	1	USA	NA
SRR11238017	0	1	0	0	0	0	0	0	1	USA	NA
SRR11238018	1	1	0	0	0	0	0	0	1	USA	NA
SRR11238019	0	1	0	0	0	0	0	0	1	USA	NA
SRR11238020	1	1	0	0	0	0	0	0	1	USA	NA
SRR11238022	0	1	0	0	0	0	0	0	1	USA	NA
SRR14196803	0	1	0	1	0	0	1	0	1	LAB	NA
SRR14196805	0	1	0	1	0	0	0	0	0	LAB	NA
SRR14196806	0	0	0	0	0	0	0	0	0	LAB	NA
SRR14196807	0	0	0	0	0	0	0	0	0	LAB	NA
SRR14196811	0	1	0	1	0	0	0	0	0	LAB	NA
SRR14333858	1	1	0	0	0	0	0	0	1	USA	NA
SRR14333859	0	1	0	0	0	0	0	0	1	USA	NA
SRR14333860	1	1	0	0	0	0	0	0	1	USA	NA
SRR14333862	0	1	0	0	0	0	0	0	1	USA	NA
SRR14333863	0	1	0	0	0	0	0	0	1	USA	NA
SRR14333870	1	1	0	0	0	0	0	0	1	USA	NA
SRR14333871	1	1	0	0	0	0	0	0	1	USA	NA
SRR14333873	1	1	0	0	0	0	0	0	1	USA	NA
SRR14333876	1	1	0	0	0	0	0	0	1	USA	NA
SRR14333877	0	1	0	0	0	0	0	0	1	USA	NA
SRR14333878	0	1	0	0	0	0	0	0	1	USA	NA
SRR14333879	1	1	0	0	0	0	0	0	1	USA	NA
SRR14333880	0	1	0	0	0	0	0	0	1	USA	NA
SRR14333881	1	1	0	0	0	0	0	0	1	USA	NA
SRR14333887	1	1	0	0	0	0	0	0	1	USA	NA
SRR14333890	1	1	0	0	0	0	0	0	1	USA	NA
SRR14333891	1	1	0	0	0	0	0	0	1	USA	NA
SRR5519646	0	1	0	0	0	0	0	0	0	USA	NA
SRR5562752	0	1	0	0	0	0	0	0	1	USA	NA
SRR5562853	0	1	0	0	0	0	0	0	1	USA	NA
SRR5562854	0	1	0	0	0	0	0	0	1	USA	NA
SRR5562856	0	1	0	0	0	0	0	0	1	USA	NA
SRR5562858	0	1	0	0	0	0	0	0	1	USA	NA
SRR5562860	1	1	0	0	0	0	0	0	1	USA	NA
SRR5562864	0	0	0	0	0	0	0	0	1	USA	NA
SRR5562865	1	1	0	0	0	0	0	0	0	USA	NA
SRR5562866	1	1	0	0	0	0	0	0	1	USA	NA
SRR5562868	1	1	0	0	0	0	0	0	1	USA	NA
SRR5562869	0	1	0	0	0	0	0	0	0	USA	NA
SRR5562871	1	1	0	0	0	0	0	0	1	USA	NA
SRR5562872	1	1	0	0	0	0	0	0	0	USA	NA
SRR5562873	1	1	0	0	0	0	0	0	1	USA	NA
SRR5562875	1	1	0	0	0	0	0	0	1	USA	NA
SRR5562876	0	1	0	0	0	0	0	0	0	USA	NA
SRR5562877	0	1	0	0	0	0	0	0	1	USA	NA
SRR5562878	1	1	0	0	0	0	0	0	1	USA	NA
SRR5562879	0	1	0	0	0	0	0	0	1	USA	NA
SRR6313629	0	0	0	0	0	0	0	0	0	Australia	NA
SRR6313630	0	0	0	0	0	0	0	0	0	LAB	NA
SRR6313631	0	1	0	0	0	0	0	0	1	USA	NA
SRR6313632	0	0	0	0	0	0	0	0	0	Costa Rica	NA
SRR9959076	0	0	0	0	0	0	0	0	0	Mauritius	NA
SRR9959082	0	0	0	0	0	0	0	0	0	Mauritius	NA
SRR9959083	0	0	0	0	0	0	0	0	0	Mauritius	NA
GeneticRegion	NC_035108.1	NC_035109.1	NC_035109.1	NC_035109.1	NC_035109.1	NC_035109.1	NC_035109.1	NC_035109.1	NC_035109.1	NA	NA
isExon	True	True	True	True	True	True	True	True	True	NA	NA
isCDS	True	True	True	True	True	True	True	True	True	NA	NA
ismRNA	True	True	True	True	True	True	True	True	True	NA	NA
Pos	41847790	315939224	315939224	315939266	315983762	315984009	315984077	315998458	316080722	NA	NA
Gene	XM_021840622.1	XM_021852340.1	XM_021852340.1	XM_021852340.1	XM_021852340.1	XM_021852340.1	XM_021852340.1	XM_021852340.1	XM_021852340.1	NA	NA
AlleleSequence	T	C	G	A	C	C	G	A	A	NA	NA
SNPType	ALT	ALT	ALT	ALT	ALT	ALT	ALT	ALT	ALT	NA	NA
snpEffectImpact	MODERATE	MODERATE	MODERATE	MODERATE	MODERATE	MODERATE	MODERATE	MODERATE	MODERATE	NA	NA
snpEffectOntology	missense_variant	missense_variant	missense_variant	missense_variant	missense_variant&splice_region_variant	missense_variant	missense_variant	missense_variant	missense_variant	NA	NA
AAchange	p.Ala296Ser	p.Phe1554Cys	p.Phe1554Ser	p.Thr1540Ile	p.Val1012Gly	p.Ile1007Met	p.Ser985Pro	p.Gly919Val	p.Val408Leu	NA	NA
Ref Org Name	A301S/G	F1534C/L	F1534C/L	T1520I	V1016I/G	I1011V/M	S989P	G923V	V410L	NA	NA
