SampleID	Country	SubRegion	Region	Location	VSSC  median coverage	ACE1  median coverage	GSTE2  median coverage	GABA  median coverage
ERR4065454	French Polynesia	French Polynesia	French Polynesia	French Polynesia:Bora-Bora	1.1666666666666667	1.1666666666666667	1.0	1.1666666666666667
ERR4065455	French Polynesia	French Polynesia	French Polynesia	French Polynesia:Bora-Bora	0.8571428571428571	0.8571428571428571	1.1428571428571428	0.7142857142857143
ERR4065456	French Polynesia	French Polynesia	French Polynesia	French Polynesia:Bora-Bora	1.0	1.2	1.2	0.8
ERR4065457	French Polynesia	French Polynesia	French Polynesia	French Polynesia:Bora-Bora	1.1666666666666667	1.0	1.3333333333333333	1.1666666666666667
ERR4065458	French Polynesia	French Polynesia	French Polynesia	French Polynesia:Bora-Bora	1.2	1.0	0.8	0.8
ERR4065459	French Polynesia	French Polynesia	French Polynesia	French Polynesia:Bora-Bora	1.2	1.0	0.8	1.2
ERR4065460	French Polynesia	French Polynesia	French Polynesia	French Polynesia:Bora-Bora	1.0	1.0	1.1666666666666667	1.0
ERR4065462	French Polynesia	French Polynesia	French Polynesia	French Polynesia:Bora-Bora	1.0	1.0	1.4285714285714286	1.2857142857142858
ERR4065463	French Polynesia	French Polynesia	French Polynesia	French Polynesia:Bora-Bora	1.1428571428571428	1.4285714285714286	1.5714285714285714	1.0
ERR4065465	Thailand	Thailand	Americas, East Kenya and others	Thailand: Nakh	0.8888888888888888	1.2222222222222223	3.6666666666666665	1.0
ERR4065466	Thailand	Thailand	Americas, East Kenya and others	Thailand: Nakh	1.0	1.0714285714285714	4.0	1.0
ERR4065468	Thailand	Thailand	Americas, East Kenya and others	Thailand: Nakh	1.2857142857142858	1.0	3.857142857142857	1.2857142857142858
ERR4065469	Thailand	Thailand	Americas, East Kenya and others	Thailand: Nakh	1.0	1.1428571428571428	4.714285714285714	1.0
ERR4065470	Thailand	Thailand	Americas, East Kenya and others	Thailand: Nakh	1.0	1.0	3.875	1.125
ERR4065471	Thailand	Thailand	Americas, East Kenya and others	Thailand: Nakh	1.0	1.0909090909090908	3.727272727272727	1.0
ERR4065472	Thailand	Thailand	Americas, East Kenya and others	Thailand: Nakh	1.0	1.2	3.75	0.95
ERR4065473	Thailand	Thailand	Americas, East Kenya and others	Thailand: Nakh	0.9	0.9	4.2	1.05
SRR11006478	Senegal	Senegal	West and Central Africa	Senegal: Mindin	1.125	1.125	0.8125	1.0625
SRR11006479	Senegal	Senegal	West and Central Africa	Senegal: Mindin	0.9285714285714286	1.2142857142857142	1.1428571428571428	1.0714285714285714
SRR11006480	Senegal	Senegal	West and Central Africa	Senegal: Mindin	1.0	1.0	0.7222222222222222	1.0555555555555556
SRR11006481	Senegal	Senegal	West and Central Africa	Senegal: Mindin	1.0	1.1428571428571428	0.9523809523809523	1.0
SRR11006482	Senegal	Senegal	West and Central Africa	Senegal: Mindin	0.9	1.05	0.7	0.9
SRR11006483	Senegal	Senegal	West and Central Africa	Senegal: Mindin	1.0	1.2857142857142858	1.0	0.9285714285714286
SRR11006484	Senegal	Senegal	West and Central Africa	Senegal: Mindin	0.8823529411764706	1.0588235294117647	0.8823529411764706	0.8823529411764706
SRR11006485	Senegal	Senegal	West and Central Africa	Senegal: Kedougou	1.1333333333333333	1.2	1.0666666666666667	1.0
SRR11006486	Kenya	East Kenya	East Kenya and South Africa	Kenya: Ganda	1.0	1.0666666666666667	0.8666666666666667	0.9333333333333333
SRR11006487	Thailand	Thailand	Americas, East Kenya and others	Thailand: Bangkok	0.9642857142857143	1.0714285714285714	2.7857142857142856	1.0
SRR11006488	Senegal	Senegal	West and Central Africa	Senegal: Kedougou	0.95	1.1	1.35	1.0
SRR11006489	Senegal	Senegal	West and Central Africa	Senegal: Kedougou	0.9130434782608695	1.0434782608695652	0.6739130434782609	0.9565217391304348
SRR11006490	Senegal	Senegal	West and Central Africa	Senegal: Kedougou	1.0555555555555556	1.1666666666666667	1.1111111111111112	1.1111111111111112
SRR11006491	Senegal	Senegal	West and Central Africa	Senegal: Kedougou	0.9411764705882353	1.1764705882352942	1.1176470588235294	1.0
SRR11006492	Senegal	Senegal	West and Central Africa	Senegal: Kedougou	1.1111111111111112	1.2777777777777777	0.9444444444444444	1.1111111111111112
SRR11006493	Senegal	Senegal	West and Central Africa	Senegal: Kedougou	1.0	1.125	0.875	1.1875
SRR11006494	Senegal	Senegal	West and Central Africa	Senegal: Kedougou	1.0588235294117647	1.1176470588235294	0.6470588235294118	1.0588235294117647
SRR11006495	Senegal	Senegal	West and Central Africa	Senegal: Kedougou	1.0	1.2	1.3	1.05
SRR11006496	Senegal	Senegal	West and Central Africa	Senegal: Kedougou	0.9444444444444444	1.1111111111111112	1.0	1.0555555555555556
SRR11006497	Senegal	Senegal	West and Central Africa	Senegal: Kedougou	0.95	1.0	1.1	1.0
SRR11006498	Kenya	East Kenya	East Kenya and South Africa	Kenya: Ganda	1.0588235294117647	0.9411764705882353	1.1470588235294117	1.0
SRR11006499	Senegal	Senegal	West and Central Africa	Senegal: Kedougou	1.1176470588235294	1.0588235294117647	1.1176470588235294	0.8823529411764706
SRR11006500	Senegal	Senegal	West and Central Africa	Senegal: Kedougou	0.9047619047619048	1.0476190476190477	0.9285714285714286	0.9523809523809523
SRR11006501	Senegal	Senegal	West and Central Africa	Senegal: Kedougou	1.0	1.105263157894737	0.7894736842105263	1.0
SRR11006502	Senegal	Senegal	West and Central Africa	Senegal: Kedougou	0.9545454545454546	1.0	0.9090909090909091	1.0
SRR11006503	Senegal	Senegal	West and Central Africa	Senegal: Kedougou	1.0454545454545454	1.0909090909090908	0.9090909090909091	1.0909090909090908
SRR11006504	Senegal	Senegal	West and Central Africa	Senegal: Kedougou	0.9230769230769231	0.9230769230769231	0.8846153846153846	0.8846153846153846
SRR11006505	Senegal	Senegal	West and Central Africa	Senegal: Kedougou	1.0	1.0	1.0	0.9444444444444444
SRR11006506	Senegal	Senegal	West and Central Africa	Senegal: Kedougou	1.0	1.0555555555555556	1.0555555555555556	1.1666666666666667
SRR11006507	Senegal	Senegal	West and Central Africa	Senegal: Kedougou	1.0	1.0714285714285714	0.8571428571428571	1.1428571428571428
SRR11006508	Senegal	Senegal	West and Central Africa	Senegal: Thies	0.9523809523809523	1.0714285714285716	0.8571428571428571	1.1904761904761905
SRR11006509	Kenya	East Kenya	East Kenya and South Africa	Kenya: Arabuko	0.8	0.95	0.7	0.95
SRR11006510	Senegal	Senegal	West and Central Africa	Senegal: Thies	0.9166666666666666	0.9166666666666666	0.75	0.9583333333333334
SRR11006511	Senegal	Senegal	West and Central Africa	Senegal: Thies	0.9285714285714286	0.9285714285714286	0.7142857142857143	1.1428571428571428
SRR11006512	Senegal	Senegal	West and Central Africa	Senegal: Thies	0.9230769230769231	1.0	0.6923076923076923	1.0
SRR11006513	Senegal	Senegal	West and Central Africa	Senegal: Thies	0.9565217391304348	1.0434782608695652	0.9130434782608695	1.1304347826086956
SRR11006514	Burkina Faso	Burkina Faso	West and Central Africa	Burkina Faso: Ouahigouya	1.0625	1.0625	0.75	1.1875
SRR11006515	Burkina Faso	Burkina Faso	West and Central Africa	Burkina Faso: Ouahigouya	0.9375	1.0	0.9375	0.8125
SRR11006516	Burkina Faso	Burkina Faso	West and Central Africa	Burkina Faso: Ouahigouya	0.8666666666666667	0.9333333333333333	1.0	0.8666666666666667
SRR11006517	Burkina Faso	Burkina Faso	West and Central Africa	Burkina Faso: Ouahigouya	0.9285714285714286	1.0357142857142858	0.9107142857142858	1.0357142857142858
SRR11006519	Burkina Faso	Burkina Faso	West and Central Africa	Burkina Faso: Ouahigouya	0.9615384615384616	0.9615384615384616	1.0	1.0384615384615385
SRR11006520	Kenya	East Kenya	East Kenya and South Africa	Kenya: Arabuko	1.0555555555555556	1.0555555555555556	1.0555555555555556	1.0555555555555556
SRR11006521	Burkina Faso	Burkina Faso	West and Central Africa	Burkina Faso: Ouahigouya	0.9230769230769231	1.0769230769230769	0.6923076923076923	0.7692307692307693
SRR11006522	Burkina Faso	Burkina Faso	West and Central Africa	Burkina Faso: Ouahigouya	0.9090909090909091	0.9090909090909091	0.7272727272727273	1.0
SRR11006523	Burkina Faso	Burkina Faso	West and Central Africa	Burkina Faso: Ouahigouya	0.9166666666666666	1.25	0.9166666666666666	0.75
SRR11006524	Burkina Faso	Burkina Faso	West and Central Africa	Burkina Faso: Ouahigouya	0.9411764705882353	1.1176470588235294	0.8823529411764706	1.1176470588235294
SRR11006525	Burkina Faso	Burkina Faso	West and Central Africa	Burkina Faso: Ouahigouya	0.96875	0.96875	0.71875	1.125
SRR11006526	Burkina Faso	Burkina Faso	West and Central Africa	Burkina Faso: Ouahigouya	1.0357142857142858	1.0357142857142858	1.0	0.8928571428571429
SRR11006527	Burkina Faso	Burkina Faso	West and Central Africa	Burkina Faso: Ouahigouya	0.9166666666666666	1.0416666666666667	0.7916666666666666	0.875
SRR11006528	Burkina Faso	Burkina Faso	West and Central Africa	Burkina Faso: Ouahigouya	1.0833333333333333	1.0833333333333333	1.0	1.1666666666666667
SRR11006529	Burkina Faso	Burkina Faso	West and Central Africa	Burkina Faso: Ouahigouya	1.0	1.1111111111111112	0.6111111111111112	1.0277777777777777
SRR11006530	Burkina Faso	Burkina Faso	West and Central Africa	Burkina Faso: Ouahigouya	0.8636363636363636	1.0	0.7272727272727273	1.0
SRR11006531	Kenya	East Kenya	East Kenya and South Africa	Kenya: Arabuko	1.037037037037037	1.0	0.9629629629629629	0.9259259259259259
SRR11006532	Ghana	Ghana	West and Central Africa	Ghana: Kumasi	1.0	1.0588235294117647	0.7647058823529411	0.8235294117647058
SRR11006533	Ghana	Ghana	West and Central Africa	Ghana: Kumasi	1.0	1.5	0.7	1.2
SRR11006534	Ghana	Ghana	West and Central Africa	Ghana: Kumasi	1.0666666666666667	0.9333333333333333	0.9333333333333333	0.9333333333333333
SRR11006535	Ghana	Ghana	West and Central Africa	Ghana: Kumasi	1.0	1.0	1.0909090909090908	1.0
SRR11006536	Ghana	Ghana	West and Central Africa	Ghana: Kumasi	1.05	1.0	0.8	1.0
SRR11006537	Ghana	Ghana	West and Central Africa	Ghana: Kumasi	0.8823529411764706	1.0	1.0294117647058822	1.2352941176470589
SRR11006538	Ghana	Ghana	West and Central Africa	Ghana: Kumasi	1.0588235294117647	1.0588235294117647	0.7647058823529411	1.0
SRR11006539	Ghana	Ghana	West and Central Africa	Ghana: Kumasi	1.0	1.025	0.85	1.1
SRR11006540	Ghana	Ghana	West and Central Africa	Ghana: Kumasi	0.9047619047619048	1.2380952380952381	0.7619047619047619	1.0
SRR11006541	Ghana	Ghana	West and Central Africa	Ghana: Kumasi	0.9	1.0	0.7	1.0
SRR11006542	Kenya	East Kenya	East Kenya and South Africa	Kenya: Arabuko	1.0625	1.15625	0.8125	1.125
SRR11006543	Ghana	Ghana	West and Central Africa	Ghana: Kumasi	0.9166666666666666	1.0416666666666667	0.9166666666666666	0.8333333333333334
SRR11006544	Ghana	Ghana	West and Central Africa	Ghana: Kumasi	0.8888888888888888	1.2222222222222223	0.5555555555555556	1.0
SRR11006545	Ghana	Ghana	West and Central Africa	Ghana: Kumasi	1.0555555555555556	1.25	1.0833333333333335	1.0
SRR11006546	Ghana	Ghana	West and Central Africa	Ghana: Kumasi	1.0	0.9761904761904762	0.7619047619047619	0.8571428571428571
SRR11006547	Ghana	Ghana	West and Central Africa	Ghana: Kumasi	1.1	1.3	1.0	0.8
SRR11006548	Ghana	Ghana	West and Central Africa	Ghana: Kumasi	1.0	1.0	1.1	0.9
SRR11006549	Ghana	Ghana	West and Central Africa	Ghana: Kumasi	1.0	1.0714285714285714	1.2857142857142858	0.8571428571428571
SRR11006550	Ghana	Ghana	West and Central Africa	Ghana: Kumasi	0.96	1.0	1.32	0.84
SRR11006551	Ghana	Ghana	West and Central Africa	Ghana: Kumasi	0.8421052631578947	1.1578947368421053	0.8947368421052632	1.105263157894737
SRR11006552	Ghana	Ghana	West and Central Africa	Ghana: Kumasi	1.0833333333333333	1.0833333333333333	0.8333333333333334	1.0
SRR11006553	Kenya	East Kenya	East Kenya and South Africa	Kenya: Arabuko	1.0	1.0	1.5625	0.96875
SRR11006554	Ghana	Ghana	West and Central Africa	Ghana: Kintampo	0.9696969696969697	0.9696969696969697	0.8787878787878788	1.106060606060606
SRR11006555	Ghana	Ghana	West and Central Africa	Ghana: Kintampo	1.0588235294117647	1.0	1.0588235294117647	1.1764705882352942
SRR11006556	Ghana	Ghana	West and Central Africa	Ghana: Kintampo	1.0	1.2758620689655173	0.896551724137931	1.1379310344827587
SRR11006557	Ghana	Ghana	West and Central Africa	Ghana: Kintampo	0.9523809523809523	1.0	0.8571428571428571	0.9523809523809523
SRR11006558	Ghana	Ghana	West and Central Africa	Ghana: Kintampo	0.9565217391304348	1.0434782608695652	0.6086956521739131	1.0
SRR11006559	Ghana	Ghana	West and Central Africa	Ghana: Kintampo	1.0	1.25	0.75	1.0
SRR11006560	Ghana	Ghana	West and Central Africa	Ghana: Kintampo	1.0	1.0	0.75	1.0
SRR11006561	Ghana	Ghana	West and Central Africa	Ghana: Kintampo	1.0769230769230769	1.0769230769230769	1.0	1.4615384615384615
SRR11006562	Ghana	Ghana	West and Central Africa	Ghana: Kintampo	1.0	1.0526315789473684	0.7368421052631579	1.0526315789473684
SRR11006563	Ghana	Ghana	West and Central Africa	Ghana: Kintampo	1.0	1.0526315789473684	1.368421052631579	1.105263157894737
SRR11006564	Kenya	East Kenya	East Kenya and South Africa	Kenya: Arabuko	0.9444444444444444	1.0555555555555556	0.6111111111111112	0.9444444444444444
SRR11006565	Ghana	Ghana	West and Central Africa	Ghana: Kintampo	1.0	1.125	0.75	1.0
SRR11006566	Ghana	Ghana	West and Central Africa	Ghana: Kintampo	0.9565217391304348	1.0869565217391304	0.9565217391304348	1.108695652173913
SRR11006567	Ghana	Ghana	West and Central Africa	Ghana: Kintampo	0.9444444444444444	0.9444444444444444	0.6666666666666666	1.0
SRR11006568	Ghana	Ghana	West and Central Africa	Ghana: Kintampo	1.0	1.0555555555555556	0.8055555555555556	0.9444444444444444
SRR11006569	Ghana	Ghana	West and Central Africa	Ghana: Kintampo	1.1666666666666667	1.1666666666666667	1.0833333333333333	1.0
SRR11006570	Ghana	Ghana	West and Central Africa	Ghana: Kintampo	0.8421052631578947	1.1578947368421053	0.7894736842105263	1.0526315789473684
SRR11006571	Ghana	Ghana	West and Central Africa	Ghana: Kintampo	1.0434782608695652	1.0869565217391304	0.8043478260869565	1.1304347826086956
SRR11006572	Ghana	Ghana	West and Central Africa	Ghana: Kintampo	0.8823529411764706	1.0882352941176472	0.5882352941176471	1.0588235294117647
SRR11006573	Ghana	Ghana	West and Central Africa	Ghana: Kintampo	0.95	1.0	0.95	1.1
SRR11006574	Ghana	Ghana	West and Central Africa	Ghana: Kintampo	1.0	1.2941176470588236	0.9411764705882353	0.8823529411764706
SRR11006575	Kenya	East Kenya	East Kenya and South Africa	Kenya: Arabuko	1.0	0.9090909090909091	0.6363636363636364	1.0
SRR11006576	Ghana	Ghana	West and Central Africa	Ghana: BoabengFiema	0.9473684210526315	1.1578947368421053	0.7894736842105263	1.0
SRR11006577	Ghana	Ghana	West and Central Africa	Ghana: BoabengFiema	1.0	1.2727272727272727	1.2727272727272727	1.0909090909090908
SRR11006578	Senegal	Senegal	West and Central Africa	Senegal: Bantata	1.0	0.8125	1.3125	1.0625
SRR11006579	Senegal	Senegal	West and Central Africa	Senegal: Bantata	1.0833333333333333	1.1666666666666667	0.5833333333333334	1.0833333333333333
SRR11006580	Senegal	Senegal	West and Central Africa	Senegal: Bantata	1.125	1.0	0.9375	1.125
SRR11006581	Senegal	Senegal	West and Central Africa	Senegal: Bantata	1.0	1.0555555555555556	0.8611111111111112	1.0555555555555556
SRR11006582	Senegal	Senegal	West and Central Africa	Senegal: Bantata	0.9130434782608695	0.9565217391304348	0.6956521739130435	1.0869565217391304
SRR11006583	Senegal	Senegal	West and Central Africa	Senegal: Bantata	1.0	1.05	0.65	1.0750000000000002
SRR11006584	Senegal	Senegal	West and Central Africa	Senegal: Bantata	1.0	1.275	0.9	1.15
SRR11006585	Senegal	Senegal	West and Central Africa	Senegal: Bantata	0.9166666666666666	1.0	1.0	1.0833333333333333
SRR11006586	Kenya	East Kenya	East Kenya and South Africa	Kenya: Arabuko	1.0	0.8235294117647058	0.8235294117647058	0.8823529411764706
SRR11006587	Senegal	Senegal	West and Central Africa	Senegal: Bantata	0.9411764705882353	1.1176470588235294	0.8823529411764706	0.7647058823529411
SRR11006588	Senegal	Senegal	West and Central Africa	Senegal: Bantata	1.0	1.0909090909090908	1.2727272727272727	1.1363636363636362
SRR11006589	Senegal	Senegal	West and Central Africa	Senegal: Bantata	0.9166666666666666	1.125	0.875	0.9583333333333334
SRR11006590	Nigeria	Nigeria	West and Central Africa	Nigeria: Awka	1.0	0.8571428571428571	0.7857142857142857	1.1428571428571428
SRR11006591	Nigeria	Nigeria	West and Central Africa	Nigeria: Awka	0.9	0.9	1.1	1.0
SRR11006592	Nigeria	Nigeria	West and Central Africa	Nigeria: Awka	1.1	1.0	1.0	1.05
SRR11006593	Nigeria	Nigeria	West and Central Africa	Nigeria: Awka	1.0	0.8571428571428571	1.0476190476190477	1.0476190476190477
SRR11006594	Nigeria	Nigeria	West and Central Africa	Nigeria: Awka	1.0	1.2222222222222223	1.1111111111111112	0.8333333333333334
SRR11006595	Nigeria	Nigeria	West and Central Africa	Nigeria: Awka	1.0	1.1176470588235294	0.8823529411764706	1.0
SRR11006596	Nigeria	Nigeria	West and Central Africa	Nigeria: Awka	1.0909090909090908	1.2727272727272727	0.9090909090909091	1.3636363636363635
SRR11006597	Kenya	East Kenya	East Kenya and South Africa	Kenya: Arabuko	0.9545454545454546	1.0454545454545454	0.9545454545454546	0.9090909090909091
SRR11006598	Thailand	Thailand	Americas, East Kenya and others	Thailand: Bangkok	1.0	1.1578947368421053	4.815789473684211	0.9473684210526315
SRR11006599	Nigeria	Nigeria	West and Central Africa	Nigeria: Awka	1.0769230769230769	1.0769230769230769	0.9230769230769231	1.0769230769230769
SRR11006600	Nigeria	Nigeria	West and Central Africa	Nigeria: Awka	1.0909090909090908	1.1818181818181819	0.9545454545454546	1.0454545454545454
SRR11006601	Nigeria	Nigeria	West and Central Africa	Nigeria: Awka	1.0476190476190477	1.2619047619047619	1.0476190476190477	1.0476190476190477
SRR11006602	Nigeria	Nigeria	West and Central Africa	Nigeria: Awka	0.8823529411764706	0.9411764705882353	0.8823529411764706	1.0
SRR11006603	Nigeria	Nigeria	West and Central Africa	Nigeria: Awka	1.0555555555555556	1.0555555555555556	0.9444444444444444	1.2222222222222223
SRR11006604	Nigeria	Nigeria	West and Central Africa	Nigeria: Awka	1.0	1.105263157894737	0.8421052631578947	1.105263157894737
SRR11006605	Nigeria	Nigeria	West and Central Africa	Nigeria: Awka	1.0	1.105263157894737	1.2105263157894737	1.105263157894737
SRR11006606	Nigeria	Nigeria	West and Central Africa	Nigeria: Awka	0.9230769230769231	0.8461538461538461	0.9230769230769231	1.0769230769230769
SRR11006607	Nigeria	Nigeria	West and Central Africa	Nigeria: Awka	1.0	1.0714285714285714	0.7857142857142857	1.0
SRR11006608	Nigeria	Nigeria	West and Central Africa	Nigeria: Awka	1.0526315789473684	0.8947368421052632	0.7894736842105263	1.1578947368421053
SRR11006609	Kenya	East Kenya	East Kenya and South Africa	Kenya: Arabuko	1.0	1.0869565217391304	1.0869565217391304	0.9130434782608695
SRR11006610	Nigeria	Nigeria	West and Central Africa	Nigeria: Awka	1.0769230769230769	1.0769230769230769	0.7692307692307693	0.8461538461538461
SRR11006611	Nigeria	Nigeria	West and Central Africa	Nigeria: Awka	0.9	1.1	0.9	1.0
SRR11006612	Burkina Faso	Burkina Faso	West and Central Africa	Burkina Faso: Ouagadougou	1.0	1.1333333333333333	0.8666666666666667	0.8666666666666667
SRR11006613	Burkina Faso	Burkina Faso	West and Central Africa	Burkina Faso: Ouagadougou	1.0	1.1333333333333333	0.7333333333333333	1.2666666666666666
SRR11006614	Burkina Faso	Burkina Faso	West and Central Africa	Burkina Faso: Ouagadougou	1.0	1.0588235294117647	0.9411764705882353	1.1176470588235294
SRR11006615	Burkina Faso	Burkina Faso	West and Central Africa	Burkina Faso: Ouagadougou	1.0	1.2352941176470589	1.0	1.0
SRR11006616	Burkina Faso	Burkina Faso	West and Central Africa	Burkina Faso: Ouagadougou	1.0	1.1428571428571428	0.9523809523809523	1.0476190476190477
SRR11006617	Burkina Faso	Burkina Faso	West and Central Africa	Burkina Faso: Ouagadougou	1.0	1.0	0.9047619047619048	1.0952380952380953
SRR11006618	Burkina Faso	Burkina Faso	West and Central Africa	Burkina Faso: Ouagadougou	1.0625	1.1875	0.9375	1.125
SRR11006619	Burkina Faso	Burkina Faso	West and Central Africa	Burkina Faso: Ouagadougou	1.105263157894737	1.2105263157894737	0.7894736842105263	0.9473684210526315
SRR11006620	Kenya	East Kenya	East Kenya and South Africa	Kenya: Arabuko	1.1666666666666667	1.0416666666666667	0.8958333333333333	0.9583333333333334
SRR11006621	Burkina Faso	Burkina Faso	West and Central Africa	Burkina Faso: Ouagadougou	1.0769230769230769	1.0	1.0	1.1538461538461537
SRR11006622	Burkina Faso	Burkina Faso	West and Central Africa	Burkina Faso: Ouagadougou	1.1	1.05	0.65	1.15
SRR11006623	Burkina Faso	Burkina Faso	West and Central Africa	Burkina Faso: Ouagadougou	1.0	1.2222222222222223	0.7777777777777778	1.0
SRR11006624	Burkina Faso	Burkina Faso	West and Central Africa	Burkina Faso: Ouagadougou	0.9333333333333333	1.0666666666666667	0.9333333333333333	0.8666666666666667
SRR11006626	Burkina Faso	Burkina Faso	West and Central Africa	Burkina Faso: Ouagadougou	1.0	1.1111111111111112	0.8888888888888888	1.1111111111111112
SRR11006627	Burkina Faso	Burkina Faso	West and Central Africa	Burkina Faso: Ouagadougou	0.9444444444444444	1.0555555555555556	1.3333333333333333	0.8888888888888888
SRR11006628	Burkina Faso	Burkina Faso	West and Central Africa	Burkina Faso: Ouagadougou	1.125	1.125	0.9375	1.0
SRR11006629	Burkina Faso	Burkina Faso	West and Central Africa	Burkina Faso: Ouagadougou	1.0	1.0588235294117647	1.0	1.0588235294117647
SRR11006630	Burkina Faso	Burkina Faso	West and Central Africa	Burkina Faso: Ouagadougou	1.0909090909090908	1.1818181818181819	0.8181818181818182	0.7272727272727273
SRR11006631	Kenya	East Kenya	East Kenya and South Africa	Kenya: Arabuko	1.0714285714285714	0.8571428571428571	0.7857142857142857	1.0
SRR11006632	Burkina Faso	Burkina Faso	West and Central Africa	Burkina Faso: Ouagadougou	1.1578947368421053	1.263157894736842	0.8421052631578947	1.0
SRR11006633	Burkina Faso	Burkina Faso	West and Central Africa	Burkina Faso: Ouagadougou	1.0555555555555556	1.0555555555555556	0.8333333333333334	1.1666666666666667
SRR11006634	Kenya	East Kenya Outlier	Americas, East Kenya and others	Kenya: Rabai	1.0	0.8571428571428571	0.7142857142857143	1.0
SRR11006635	Kenya	East Kenya Outlier	Americas, East Kenya and others	Kenya: Rabai	0.9473684210526315	1.105263157894737	1.0526315789473684	0.9473684210526315
SRR11006636	Kenya	East Kenya Outlier	Americas, East Kenya and others	Kenya: Rabai	1.0	1.0588235294117647	1.0588235294117647	1.1764705882352942
SRR11006637	Kenya	East Kenya Outlier	Americas, East Kenya and others	Kenya: Rabai	1.0	1.105263157894737	1.0	1.0
SRR11006638	Kenya	East Kenya Outlier	Americas, East Kenya and others	Kenya: Rabai	1.0	1.0909090909090908	0.7272727272727273	1.0909090909090908
SRR11006639	Kenya	East Kenya Outlier	Americas, East Kenya and others	Kenya: Rabai	0.9090909090909091	0.9545454545454546	0.9090909090909091	0.9090909090909091
SRR11006640	Kenya	East Kenya Outlier	Americas, East Kenya and others	Kenya: Rabai	1.0588235294117647	1.0	0.9117647058823529	0.9411764705882353
SRR11006641	Kenya	East Kenya Outlier	Americas, East Kenya and others	Kenya: Rabai	1.0	1.0	1.5333333333333334	0.9333333333333333
SRR11006642	Kenya	East Kenya	East Kenya and South Africa	Kenya: Arabuko	0.96	1.04	0.72	0.92
SRR11006643	Kenya	East Kenya Outlier	Americas, East Kenya and others	Kenya: Rabai	1.0	0.9444444444444444	0.8888888888888888	1.0555555555555556
SRR11006644	Kenya	East Kenya Outlier	Americas, East Kenya and others	Kenya: Rabai	1.0555555555555556	1.0555555555555556	1.1666666666666667	0.9444444444444444
SRR11006645	Kenya	East Kenya	East Kenya and South Africa	Kenya: Rabai	1.2222222222222223	1.1666666666666667	0.7777777777777778	1.1111111111111112
SRR11006646	Kenya	East Kenya Outlier	Americas, East Kenya and others	Kenya: Rabai	0.9444444444444444	1.1111111111111112	0.8333333333333334	1.0555555555555556
SRR11006647	Kenya	East Kenya Outlier	Americas, East Kenya and others	Kenya: Rabai	1.0	1.1111111111111112	0.8333333333333334	0.8333333333333334
SRR11006648	Kenya	East Kenya Outlier	Americas, East Kenya and others	Kenya: Rabai	1.0769230769230769	0.9230769230769231	1.3846153846153846	1.1538461538461537
SRR11006649	Kenya	East Kenya Outlier	Americas, East Kenya and others	Kenya: Rabai	1.0	1.1666666666666665	1.0	1.0
SRR11006650	Kenya	East Kenya	East Kenya and South Africa	Kenya: Kwale	1.1428571428571428	1.0952380952380953	1.0952380952380953	0.9523809523809523
SRR11006651	Kenya	East Kenya	East Kenya and South Africa	Kenya: Kwale	1.1428571428571428	1.0	0.8571428571428571	1.0952380952380953
SRR11006652	Kenya	East Kenya	East Kenya and South Africa	Kenya: Kwale	1.0	1.0625	1.0625	0.8125
SRR11006653	Kenya	East Kenya	East Kenya and South Africa	Kenya: Kwale	1.0588235294117647	0.9411764705882353	1.0588235294117647	1.0588235294117647
SRR11006654	Kenya	East Kenya	East Kenya and South Africa	Kenya: Kwale	1.0	1.0526315789473684	0.8947368421052632	0.9473684210526315
SRR11006655	Kenya	East Kenya	East Kenya and South Africa	Kenya: Kwale	0.9375	1.0	0.8125	0.9375
SRR11006656	Kenya	East Kenya	East Kenya and South Africa	Kenya: Kwale	1.0	1.1578947368421053	0.7368421052631579	1.0
SRR11006657	Kenya	East Kenya	East Kenya and South Africa	Kenya: Kwale	0.9565217391304348	1.0869565217391304	0.6956521739130435	0.782608695652174
SRR11006658	Kenya	East Kenya	East Kenya and South Africa	Kenya: Kwale	1.0	1.2857142857142858	0.6666666666666666	1.0
SRR11006659	Kenya	East Kenya	East Kenya and South Africa	Kenya: Kwale	1.0	1.0526315789473684	1.0	0.8421052631578947
SRR11006660	Thailand	Thailand	Americas, East Kenya and others	Thailand: Bangkok	1.0	1.0555555555555556	4.111111111111111	1.0
SRR11006661	Kenya	East Kenya	East Kenya and South Africa	Kenya: Kwale	1.0	0.9166666666666666	0.9166666666666666	0.8333333333333334
SRR11006662	Kenya	East Kenya	East Kenya and South Africa	Kenya: Kwale	0.9523809523809523	1.1904761904761905	0.6666666666666666	1.0476190476190477
SRR11006663	Kenya	East Kenya	East Kenya and South Africa	Kenya: Kwale	1.0	1.2	1.0	0.9333333333333333
SRR11006664	Kenya	East Kenya	East Kenya and South Africa	Kenya: Kwale	1.0	1.1	0.8	0.95
SRR11006665	Kenya	East Kenya	East Kenya and South Africa	Kenya: KayaBomu	1.0	1.15	1.0	1.0
SRR11006666	Kenya	East Kenya	East Kenya and South Africa	Kenya: KayaBomu	1.0526315789473684	1.0526315789473684	1.0	0.8421052631578947
SRR11006667	Kenya	East Kenya	East Kenya and South Africa	Kenya: KayaBomu	0.9411764705882353	0.8823529411764706	0.8823529411764706	1.0
SRR11006668	Kenya	East Kenya	East Kenya and South Africa	Kenya: KayaBomu	0.9473684210526315	1.0526315789473684	1.105263157894737	1.0
SRR11006669	Kenya	East Kenya	East Kenya and South Africa	Kenya: KayaBomu	1.0	1.0555555555555556	1.1111111111111112	0.7222222222222222
SRR11006670	Kenya	East Kenya	East Kenya and South Africa	Kenya: KayaBomu	1.0	1.1764705882352942	1.1176470588235294	0.9411764705882353
SRR11006671	Thailand	Thailand	Americas, East Kenya and others	Thailand: Bangkok	1.0526315789473684	1.0526315789473684	2.789473684210526	1.0
SRR11006672	Kenya	East Kenya	East Kenya and South Africa	Kenya: KayaBomu	1.1111111111111112	1.0555555555555556	0.7777777777777778	1.0
SRR11006673	Kenya	East Kenya	East Kenya and South Africa	Kenya: KayaBomu	1.04	1.06	0.88	0.84
SRR11006674	Kenya	East Kenya	East Kenya and South Africa	Kenya: KayaBomu	1.0	1.0625	0.5625	0.9375
SRR11006675	Kenya	East Kenya	East Kenya and South Africa	Kenya: KayaBomu	1.0666666666666667	1.0666666666666667	0.6666666666666666	0.9333333333333333
SRR11006676	Kenya	East Kenya	East Kenya and South Africa	Kenya: KayaBomu	1.0	1.2666666666666666	0.5333333333333333	0.8666666666666667
SRR11006677	Kenya	East Kenya	East Kenya and South Africa	Kenya: KayaBomu	0.9565217391304348	0.9565217391304348	1.0	0.9130434782608695
SRR11006678	Kenya	East Kenya	East Kenya and South Africa	Kenya: KayaBomu	1.1176470588235294	1.0	0.7058823529411765	0.9411764705882353
SRR11006679	Kenya	East Kenya	East Kenya and South Africa	Kenya: KayaBomu	1.0416666666666667	1.2916666666666667	0.75	0.8333333333333334
SRR11006680	Kenya	East Kenya	East Kenya and South Africa	Kenya: KayaBomu	0.9047619047619048	0.9523809523809523	0.8095238095238095	1.0
SRR11006681	Kenya	East Kenya	East Kenya and South Africa	Kenya: KayaBomu	0.9411764705882353	1.0588235294117647	0.9117647058823529	1.0588235294117647
SRR11006682	Thailand	Thailand	Americas, East Kenya and others	Thailand: Bangkok	1.0	1.1666666666666667	2.2222222222222223	0.9444444444444444
SRR11006683	Kenya	East Kenya	East Kenya and South Africa	Kenya: KayaBomu	1.1333333333333333	1.1333333333333333	1.1333333333333333	0.8666666666666667
SRR11006684	Kenya	East Kenya	East Kenya and South Africa	Kenya: KayaBomu	1.0	1.1764705882352942	0.9411764705882353	0.7647058823529411
SRR11006685	Kenya	East Kenya	East Kenya and South Africa	Kenya: KayaBomu	1.0	1.1666666666666667	0.7777777777777778	0.8888888888888888
SRR11006686	Kenya	West Kenya	West and Central Africa	Kenya: Kakamega	1.0	1.0476190476190477	1.0952380952380953	0.8095238095238095
SRR11006687	Kenya	West Kenya	West and Central Africa	Kenya: Kakamega	1.0	1.1666666666666667	0.9444444444444444	0.9444444444444444
SRR11006689	Kenya	West Kenya	West and Central Africa	Kenya: Kakamega	0.9523809523809523	1.0952380952380953	0.9761904761904762	1.0
SRR11006690	Kenya	West Kenya	West and Central Africa	Kenya: Kakamega	1.0666666666666667	1.0	1.0	0.8666666666666667
SRR11006691	Kenya	West Kenya	West and Central Africa	Kenya: Kakamega	1.0666666666666667	1.2666666666666666	1.0	1.0666666666666667
SRR11006692	Kenya	West Kenya	West and Central Africa	Kenya: Kakamega	1.0	1.2	0.9333333333333333	1.0666666666666667
SRR11006693	Thailand	Thailand	Americas, East Kenya and others	Thailand: Bangkok	1.0434782608695652	1.173913043478261	3.1739130434782608	0.9565217391304348
SRR11006694	Kenya	West Kenya	West and Central Africa	Kenya: Kakamega	1.0526315789473684	1.105263157894737	1.0	1.2105263157894737
SRR11006695	Kenya	West Kenya	West and Central Africa	Kenya: Kakamega	1.0476190476190477	0.8571428571428571	0.6666666666666666	1.0
SRR11006696	Kenya	West Kenya	West and Central Africa	Kenya: Kakamega	1.0714285714285714	1.0714285714285714	1.0714285714285714	0.9285714285714286
SRR11006697	Kenya	West Kenya	East Kenya and South Africa	Kenya: Kakamega	1.0	0.9444444444444444	1.1666666666666667	0.8888888888888888
SRR11006698	Kenya	West Kenya	West and Central Africa	Kenya: Kakamega	1.0	1.1176470588235294	0.9411764705882353	0.9411764705882353
SRR11006699	Kenya	West Kenya	West and Central Africa	Kenya: Kakamega	0.9473684210526315	0.9473684210526315	0.8421052631578947	0.8421052631578947
SRR11006700	Kenya	West Kenya	West and Central Africa	Kenya: Kakamega	1.0	1.2	0.85	0.9
SRR11006701	Kenya	West Kenya	West and Central Africa	Kenya: Kakamega	1.1111111111111112	1.1666666666666667	0.8888888888888888	0.7777777777777778
SRR11006702	Kenya	West Kenya	West and Central Africa	Kenya: Kakamega	1.0	1.0	0.8125	1.0625
SRR11006703	Kenya	West Kenya	West and Central Africa	Kenya: Kakamega	0.9333333333333333	1.0666666666666667	0.7333333333333333	0.8
SRR11006704	Thailand	Thailand	Americas, East Kenya and others	Thailand: Bangkok	1.0833333333333333	1.0625	3.6666666666666665	1.0833333333333333
SRR11006705	Kenya	West Kenya	East Kenya and South Africa	Kenya: Kakamega	1.1176470588235294	1.0	0.9411764705882353	1.0588235294117647
SRR11006706	Kenya	West Kenya	West and Central Africa	Kenya: Kakamega	1.0	0.9545454545454546	0.9090909090909091	1.0909090909090908
SRR11006707	Madagascar	Madagascar	Indian Ocean	Madagascar: Le Dauget	0.9642857142857143	1.0	1.6071428571428572	1.1428571428571428
SRR11006708	Madagascar	Madagascar	Indian Ocean	Madagascar: Le Dauget	1.0666666666666667	0.9333333333333333	1.4	1.0
SRR11006709	Madagascar	Madagascar	Indian Ocean	Madagascar: Le Dauget	1.05	1.0	1.75	0.95
SRR11006710	Madagascar	Madagascar	Indian Ocean	Madagascar: Le Dauget	1.0	0.7647058823529411	1.4705882352941178	0.9705882352941176
SRR11006711	Senegal	Senegal	West and Central Africa	Senegal: Thies	1.0526315789473684	1.0	0.8421052631578947	1.2105263157894737
SRR11006712	Senegal	Senegal	West and Central Africa	Senegal: Thies	1.5	1.1	0.8	1.15
SRR11006713	Senegal	Senegal	West and Central Africa	Senegal: Thies	1.0	0.95	1.05	0.9
SRR11006714	Senegal	Senegal	West and Central Africa	Senegal: Thies	1.0588235294117647	1.2352941176470589	1.0588235294117647	1.0588235294117647
SRR11006715	Senegal	Senegal	West and Central Africa	Senegal: Thies	0.9473684210526315	1.0	0.7368421052631579	1.0
SRR11006716	Senegal	Senegal	West and Central Africa	Senegal: Thies	1.4	1.0	0.8	1.0
SRR11006717	Kenya	East Kenya	East Kenya and South Africa	Kenya: Ganda	1.0	1.0	0.8666666666666667	0.9333333333333333
SRR11006718	Senegal	Senegal	West and Central Africa	Senegal: Thies	1.4444444444444444	1.25	1.4444444444444444	0.9444444444444444
SRR11006719	Senegal	Senegal	West and Central Africa	Senegal: Thies	0.9411764705882353	1.0588235294117647	0.8823529411764706	0.8529411764705882
SRR11006720	Senegal	Senegal	West and Central Africa	Senegal: Thies	1.3157894736842106	1.0	1.5263157894736843	0.9473684210526315
SRR11006721	Senegal	Senegal	West and Central Africa	Senegal: Thies	1.3333333333333333	1.0555555555555556	0.8333333333333334	1.0555555555555556
SRR11006722	Senegal	Senegal	West and Central Africa	Senegal: Thies	1.2352941176470589	0.8823529411764706	1.5294117647058822	1.0
SRR11006723	Senegal	Senegal	West and Central Africa	Senegal: Thies	1.0	1.1176470588235294	0.8823529411764706	1.0
SRR11006724	Senegal	Senegal	West and Central Africa	Senegal: Thies	1.0	1.1176470588235294	0.7647058823529411	1.0
SRR11006725	Senegal	Senegal	West and Central Africa	Senegal: Thies	0.95	1.0	0.775	1.15
SRR11006726	Senegal	Senegal	West and Central Africa	Senegal: Thies	1.0	0.8823529411764706	0.8235294117647058	1.0882352941176472
SRR11006727	Senegal	Senegal	West and Central Africa	Senegal: PK10	1.0	0.975	0.8	1.1
SRR11006728	Kenya	East Kenya	East Kenya and South Africa	Kenya: Ganda	0.9444444444444444	1.1666666666666667	0.5	1.1666666666666667
SRR11006729	Senegal	Senegal	West and Central Africa	Senegal: PK10	1.0555555555555556	0.9444444444444444	0.8888888888888888	1.1111111111111112
SRR11006730	Senegal	Senegal	West and Central Africa	Senegal: PK10	1.0	1.0769230769230769	0.9230769230769231	1.0
SRR11006731	Senegal	Senegal	West and Central Africa	Senegal: PK10	1.1428571428571428	1.1071428571428572	1.1428571428571428	0.9285714285714286
SRR11006732	Senegal	Senegal	West and Central Africa	Senegal: PK10	1.0	0.9333333333333333	1.0666666666666667	0.8666666666666667
SRR11006733	Senegal	Senegal	West and Central Africa	Senegal: PK10	1.0625	1.25	0.75	1.0
SRR11006734	Senegal	Senegal	West and Central Africa	Senegal: PK10	0.9047619047619048	1.1904761904761905	0.7619047619047619	1.1428571428571428
SRR11006735	Senegal	Senegal	West and Central Africa	Senegal: PK10	1.0	1.0	1.0	1.0
SRR11006736	Senegal	Senegal	West and Central Africa	Senegal: PK10	1.1176470588235294	1.0588235294117647	0.8235294117647058	1.2352941176470589
SRR11006737	Senegal	Senegal	West and Central Africa	Senegal: PK10	1.0952380952380953	1.1428571428571428	0.7142857142857143	1.2380952380952381
SRR11006738	Senegal	Senegal	West and Central Africa	Senegal: PK10	1.0	1.0	0.625	1.0
SRR11006739	Kenya	East Kenya	East Kenya and South Africa	Kenya: Ganda	1.0	1.1111111111111112	0.8888888888888888	0.8333333333333334
SRR11006740	Senegal	Senegal	West and Central Africa	Senegal: PK10	1.0666666666666667	1.1333333333333333	1.0	1.0666666666666667
SRR11006741	Senegal	Senegal	West and Central Africa	Senegal: PK10	1.0588235294117647	1.0	0.9411764705882353	1.0588235294117647
SRR11006742	Senegal	Senegal	West and Central Africa	Senegal: PK10	0.8947368421052632	1.105263157894737	0.7894736842105263	1.105263157894737
SRR11006743	Senegal	Senegal	West and Central Africa	Senegal: PK10	1.0909090909090908	1.1818181818181819	1.2727272727272727	1.1818181818181819
SRR11006744	Senegal	Senegal	West and Central Africa	Senegal: PK10	1.0	1.1578947368421053	0.8947368421052632	1.0
SRR11006745	Senegal	Senegal	West and Central Africa	Senegal: PK10	1.0	1.105263157894737	0.7894736842105263	1.1578947368421053
SRR11006746	Senegal	Senegal	West and Central Africa	Senegal: PK10	0.9523809523809523	1.0238095238095237	0.8095238095238095	1.0476190476190477
SRR11006747	Senegal	Senegal	West and Central Africa	Senegal: PK10	0.8888888888888888	0.9444444444444444	0.8333333333333334	1.0
SRR11006748	Senegal	Senegal	West and Central Africa	Senegal: PK10	1.0	1.0	0.9230769230769231	1.0384615384615385
SRR11006749	Senegal	Senegal	West and Central Africa	Senegal: Ngoye	0.9375	1.0	0.9375	1.0
SRR11006750	Kenya	East Kenya	East Kenya and South Africa	Kenya: Ganda	0.9523809523809523	1.0	0.9761904761904762	0.9523809523809523
SRR11006751	Senegal	Senegal	West and Central Africa	Senegal: Ngoye	1.5789473684210527	1.0526315789473684	0.8947368421052632	0.9473684210526315
SRR11006752	Senegal	Senegal	West and Central Africa	Senegal: Ngoye	0.9411764705882353	1.1764705882352942	0.7647058823529411	1.0588235294117647
SRR11006753	Senegal	Senegal	West and Central Africa	Senegal: Ngoye	1.0	1.0625	0.75	1.0625
SRR11006754	Senegal	Senegal	West and Central Africa	Senegal: Ngoye	1.0	1.1333333333333333	0.8	1.0666666666666667
SRR11006755	Senegal	Senegal	West and Central Africa	Senegal: Ngoye	1.0	1.1	1.5	1.1
SRR11006756	Senegal	Senegal	West and Central Africa	Senegal: Ngoye	1.4444444444444444	0.8333333333333334	0.8333333333333334	0.8333333333333334
SRR11006757	Senegal	Senegal	West and Central Africa	Senegal: Ngoye	1.45	1.0	0.95	1.1
SRR11006758	Senegal	Senegal	West and Central Africa	Senegal: Ngoye	1.0	1.0	1.0588235294117647	1.0
SRR11006759	Senegal	Senegal	West and Central Africa	Senegal: Ngoye	1.0	1.1111111111111112	1.0	1.1111111111111112
SRR11006760	Senegal	Senegal	West and Central Africa	Senegal: Ngoye	1.0555555555555556	1.0555555555555556	0.9444444444444444	0.9444444444444444
SRR11006762	Senegal	Senegal	West and Central Africa	Senegal: Ngoye	0.8695652173913043	1.0434782608695652	1.173913043478261	0.782608695652174
SRR11006763	Senegal	Senegal	West and Central Africa	Senegal: Ngoye	1.25	1.25	1.03125	0.875
SRR11006765	Senegal	Senegal	West and Central Africa	Senegal: Ngoye	1.2	1.0	0.65	0.85
SRR11006766	Senegal	Senegal	West and Central Africa	Senegal: Ngoye	1.3478260869565217	1.1304347826086956	0.782608695652174	0.9565217391304348
SRR11006767	Senegal	Senegal	West and Central Africa	Senegal: Ngoye	0.8666666666666667	1.0666666666666667	0.9333333333333333	1.1333333333333333
SRR11006768	Senegal	Senegal	West and Central Africa	Senegal: Ngoye	1.0	1.0384615384615385	0.8846153846153846	1.1153846153846154
SRR11006769	Senegal	Senegal	West and Central Africa	Senegal: Ngoye	1.368421052631579	1.263157894736842	1.3157894736842106	1.0526315789473684
SRR11006770	Senegal	Senegal	West and Central Africa	Senegal: Ngoye	0.95	1.25	0.95	1.2
SRR11006771	Senegal	Senegal	West and Central Africa	Senegal: Mindin	1.0	1.1111111111111112	0.8888888888888888	1.2222222222222223
SRR11006772	Kenya	East Kenya	East Kenya and South Africa	Kenya: Ganda	1.0	1.0476190476190477	0.7142857142857143	1.0
SRR11006773	Senegal	Senegal	West and Central Africa	Senegal: Mindin	0.9444444444444444	0.8333333333333334	0.6666666666666666	1.0
SRR11006774	Senegal	Senegal	West and Central Africa	Senegal: Mindin	1.0625	1.0	1.0	1.125
SRR11006775	Senegal	Senegal	West and Central Africa	Senegal: Mindin	0.9545454545454546	0.9090909090909091	1.1363636363636365	1.0454545454545454
SRR11006776	Senegal	Senegal	West and Central Africa	Senegal: Mindin	1.0	1.03125	1.3125	0.9375
SRR11006777	Senegal	Senegal	West and Central Africa	Senegal: Mindin	1.0666666666666667	1.2666666666666666	1.1333333333333333	1.1333333333333333
SRR11006778	Senegal	Senegal	West and Central Africa	Senegal: Mindin	1.0625	1.0625	0.8125	1.0625
SRR11006779	Senegal	Senegal	West and Central Africa	Senegal: Mindin	1.0	1.0952380952380953	0.9523809523809523	1.0952380952380953
SRR11006780	Senegal	Senegal	West and Central Africa	Senegal: Mindin	1.0588235294117647	1.0588235294117647	1.0588235294117647	1.1176470588235294
SRR11006781	Senegal	Senegal	West and Central Africa	Senegal: Mindin	1.1176470588235294	1.1764705882352942	1.1176470588235294	1.0588235294117647
SRR11006782	Senegal	Senegal	West and Central Africa	Senegal: Mindin	0.8095238095238095	1.0	1.0	1.0476190476190477
SRR11006783	Kenya	East Kenya	East Kenya and South Africa	Kenya: Ganda	1.0	1.125	0.75	0.9375
SRR11006784	Senegal	Senegal	West and Central Africa	Senegal: Mindin	0.875	0.9375	0.9375	0.8125
SRR11006785	Senegal	Senegal	West and Central Africa	Senegal: Mindin	0.8666666666666667	1.0666666666666667	1.0666666666666667	0.9
SRR11006786	Kenya	East Kenya	East Kenya and South Africa	Kenya: Rabai	1.0	1.25	0.875	1.0
SRR11006787	Gabon	Gabon	West and Central Africa	Gabon: LopeVillage	0.92	1.08	0.68	0.92
SRR11006788	Gabon	Gabon	West and Central Africa	Gabon: LopeVillage	1.05	1.05	1.0	0.975
SRR11006789	Kenya	East Kenya	East Kenya and South Africa	Kenya: Arabuko	1.0	0.9444444444444444	1.0555555555555556	1.0
SRR11006791	Gabon	Gabon	West and Central Africa	Gabon: LopeVillage	1.0	1.1666666666666665	0.6666666666666666	1.0
SRR11006792	Gabon	Gabon	West and Central Africa	Gabon: LopeVillage	1.0526315789473684	1.105263157894737	1.0	1.105263157894737
SRR11006794	Gabon	Gabon	West and Central Africa	Gabon: LopeVillage	1.125	1.1875	0.9375	1.0625
SRR11006795	Gabon	Gabon	West and Central Africa	Gabon: LopeVillage	1.0526315789473684	1.0526315789473684	1.0	1.0526315789473684
SRR11006796	Gabon	Gabon	West and Central Africa	Gabon: LopeVillage	0.9047619047619048	1.0476190476190477	0.9523809523809523	0.8095238095238095
SRR11006797	Gabon	Gabon	West and Central Africa	Gabon: LopeVillage	1.0	0.9411764705882353	1.0588235294117647	0.8235294117647058
SRR11006798	Gabon	Gabon	West and Central Africa	Gabon: LopeVillage	1.0476190476190477	1.0476190476190477	0.8571428571428571	1.0
SRR11006799	Gabon	Gabon	West and Central Africa	Gabon: LopeVillage	1.0	1.2222222222222223	1.2777777777777777	0.8888888888888888
SRR11006800	Kenya	East Kenya	East Kenya and South Africa	Kenya: Arabuko	0.9	1.1	0.95	1.05
SRR11006801	Gabon	Gabon	West and Central Africa	Gabon: LopeVillage	1.1176470588235294	1.2941176470588236	1.0588235294117647	1.1764705882352942
SRR11006802	Gabon	Gabon	West and Central Africa	Gabon: LopeVillage	1.0	1.0	1.0	1.0526315789473684
SRR11006803	Gabon	Gabon	West and Central Africa	Gabon: LopeVillage	0.9444444444444444	1.0555555555555556	0.8333333333333334	0.8888888888888888
SRR11006804	Gabon	Gabon	West and Central Africa	Gabon: Libreville	1.105263157894737	1.0526315789473684	0.7894736842105263	0.9473684210526315
SRR11006805	Gabon	Gabon	West and Central Africa	Gabon: Libreville	0.8947368421052632	1.0	1.0	1.105263157894737
SRR11006806	Gabon	Gabon	West and Central Africa	Gabon: Libreville	0.8947368421052632	1.0526315789473684	0.9473684210526315	1.0526315789473684
SRR11006807	Gabon	Gabon	West and Central Africa	Gabon: Libreville	1.0555555555555556	1.1388888888888888	1.1666666666666667	1.0
SRR11006808	Gabon	Gabon	West and Central Africa	Gabon: Libreville	1.0	1.2	0.825	0.95
SRR11006809	Gabon	Gabon	West and Central Africa	Gabon: Libreville	1.0909090909090908	1.0909090909090908	0.8636363636363636	1.0454545454545454
SRR11006810	Gabon	Gabon	West and Central Africa	Gabon: Libreville	0.95	1.35	0.9	1.15
SRR11006812	Gabon	Gabon	West and Central Africa	Gabon: Libreville	1.0434782608695652	1.0869565217391304	1.0	1.0869565217391304
SRR11006813	Gabon	Gabon	West and Central Africa	Gabon: Libreville	1.0952380952380953	1.2380952380952381	0.8571428571428571	1.0
SRR11006814	Gabon	Gabon	West and Central Africa	Gabon: Libreville	1.1111111111111112	1.2222222222222223	1.2777777777777777	1.0
SRR11006815	Gabon	Gabon	West and Central Africa	Gabon: Libreville	1.0	0.9333333333333333	0.8666666666666667	0.9333333333333333
SRR11006816	Gabon	Gabon	West and Central Africa	Gabon: Libreville	1.1	1.05	0.9	1.05
SRR11006817	Gabon	Gabon	West and Central Africa	Gabon: Libreville	0.9230769230769231	1.0769230769230769	1.2307692307692308	0.7692307692307693
SRR11006818	Gabon	Gabon	West and Central Africa	Gabon: Libreville	1.0588235294117647	1.0	1.0	0.9411764705882353
SRR11006819	Gabon	Gabon	West and Central Africa	Gabon: Libreville	1.0526315789473684	1.0	0.5789473684210527	0.9473684210526315
SRR11006820	Gabon	Gabon	West and Central Africa	Gabon: Franceville	1.0555555555555556	1.0	0.9444444444444444	1.1111111111111112
SRR11006821	Gabon	Gabon	West and Central Africa	Gabon: Franceville	1.0714285714285714	1.0714285714285714	1.0	1.0714285714285714
SRR11006822	Kenya	East Kenya	East Kenya and South Africa	Kenya: Arabuko	0.8823529411764706	0.8235294117647058	0.9705882352941176	0.9411764705882353
SRR11006824	Gabon	Gabon	West and Central Africa	Gabon: Franceville	1.0	1.0714285714285714	0.8571428571428571	1.0714285714285714
SRR11006825	Gabon	Gabon	West and Central Africa	Gabon: Franceville	0.8888888888888888	1.0	0.8888888888888888	0.8611111111111112
SRR11006826	Gabon	Gabon	West and Central Africa	Gabon: Franceville	0.9565217391304348	1.2608695652173914	0.6086956521739131	0.8695652173913043
SRR11006827	Gabon	Gabon	West and Central Africa	Gabon: Franceville	0.9047619047619048	0.9047619047619048	1.1428571428571428	1.0952380952380953
SRR11006828	Gabon	Gabon	West and Central Africa	Gabon: Franceville	0.9545454545454546	1.0454545454545454	1.0	0.8636363636363636
SRR11006829	Gabon	Gabon	West and Central Africa	Gabon: Franceville	0.8421052631578947	1.1578947368421053	0.8947368421052632	0.9473684210526315
SRR11006830	Gabon	Gabon	West and Central Africa	Gabon: Franceville	1.0	1.105263157894737	0.8421052631578947	1.105263157894737
SRR11006831	Gabon	Gabon	West and Central Africa	Gabon: Franceville	0.9047619047619048	1.0952380952380953	0.7142857142857143	1.0476190476190477
SRR11006832	Gabon	Gabon	West and Central Africa	Gabon: Franceville	1.0588235294117647	1.1764705882352942	0.9411764705882353	1.0
SRR11006833	Kenya	East Kenya	East Kenya and South Africa	Kenya: Arabuko	0.9473684210526315	1.105263157894737	0.8421052631578947	1.0
SRR11006834	Gabon	Gabon	West and Central Africa	Gabon: Franceville	1.0	1.0588235294117647	1.0882352941176472	1.0588235294117647
SRR11006835	Brazil	Brazil	Americas, East Kenya and others	Brazil: Santarem	1.1	1.2	1.3	1.0
SRR11006836	Brazil	Brazil	Americas, East Kenya and others	Brazil: Santarem	1.0833333333333333	1.1666666666666667	0.75	1.0
SRR11006837	Brazil	Brazil	Americas, East Kenya and others	Brazil: Santarem	1.0769230769230769	1.1538461538461537	2.0	1.1538461538461537
SRR11006838	Brazil	Brazil	Americas, East Kenya and others	Brazil: Santarem	0.8	1.0	2.2666666666666666	1.0
SRR11006839	Brazil	Brazil	Americas, East Kenya and others	Brazil: Santarem	0.9090909090909091	1.0	1.0909090909090908	0.9090909090909091
SRR11006840	Brazil	Brazil	Americas, East Kenya and others	Brazil: Santarem	1.0	1.1875	1.3125	1.125
SRR11006841	Brazil	Brazil	Americas, East Kenya and others	Brazil: Santarem	0.9090909090909091	1.0909090909090908	1.2727272727272727	0.9090909090909091
SRR11006842	Brazil	Brazil	Americas, East Kenya and others	Brazil: Santarem	0.9285714285714286	1.2142857142857142	2.0	1.0
SRR11006843	Brazil	Brazil	Americas, East Kenya and others	Brazil: Santarem	1.0	1.0769230769230769	2.230769230769231	1.2307692307692308
SRR11006844	Kenya	East Kenya	East Kenya and South Africa	Kenya: Arabuko	1.0526315789473684	1.2105263157894737	1.0	1.1578947368421053
SRR11006845	Thailand	Thailand	Americas, East Kenya and others	Thailand: Bangkok	1.05	1.05	4.2	1.0
SRR11006847	Brazil	Brazil	Americas, East Kenya and others	Brazil: Santarem	1.125	1.09375	1.0625	1.1875
SRR11006848	Brazil	Brazil	Americas, East Kenya and others	Brazil: Santarem	1.0588235294117647	1.0	2.8823529411764706	1.0588235294117647
SRR11006850	Brazil	Brazil	Americas, East Kenya and others	Brazil: Santarem	1.0	1.2	1.1333333333333333	1.1333333333333333
SRR11006851	Brazil	Brazil	Americas, East Kenya and others	Brazil: Santarem	0.9333333333333333	0.8	0.8	0.8
SRR11006852	Brazil	Brazil	Americas, East Kenya and others	Brazil: Santarem	1.0	1.1666666666666667	0.8333333333333334	1.0
SRR11006853	Brazil	Brazil	Americas, East Kenya and others	Brazil: Santarem	1.1	1.2	1.75	0.9
SRR11006854	Brazil	Brazil	Americas, East Kenya and others	Brazil: Santarem	1.0	1.1	1.5	1.0
SRR11006855	Kenya	East Kenya	East Kenya and South Africa	Kenya: ShimbaHills	1.0952380952380953	1.1428571428571428	0.7142857142857143	0.9523809523809523
SRR11006856	Thailand	Thailand	Americas, East Kenya and others	Thailand: Bangkok	1.2941176470588236	0.9411764705882353	4.588235294117647	0.8823529411764706
SRR11006857	Kenya	East Kenya	East Kenya and South Africa	Kenya: ShimbaHills	0.88	1.0	1.0	0.92
SRR11006858	Kenya	East Kenya	East Kenya and South Africa	Kenya: Kwale	0.9523809523809523	1.0476190476190477	0.6666666666666666	1.0952380952380953
SRR11006859	Kenya	East Kenya	East Kenya and South Africa	Kenya: Kwale	0.9583333333333334	1.1666666666666667	0.9583333333333334	0.875
SRR11006860	Kenya	East Kenya	East Kenya and South Africa	Kenya: Kwale	0.9629629629629629	1.1481481481481481	0.7777777777777778	0.8148148148148148
SRR11006861	Kenya	East Kenya	East Kenya and South Africa	Kenya: Kwale	0.9565217391304348	1.0869565217391304	0.9565217391304348	0.9565217391304348
SRR11006862	Kenya	East Kenya	East Kenya and South Africa	Kenya: Kwale	0.9444444444444444	0.9444444444444444	0.7777777777777778	0.8888888888888888
SRR11006863	Uganda	Uganda	West and Central Africa	Uganda: Kichwamba	1.105263157894737	1.105263157894737	0.6842105263157895	1.0526315789473684
SRR11006864	Uganda	Uganda	West and Central Africa	Uganda: Kichwamba	1.0	1.0294117647058822	0.8823529411764706	1.1764705882352942
SRR11006865	Uganda	Uganda	West and Central Africa	Uganda: Kichwamba	1.0	1.1875	0.9375	1.125
SRR11006866	Uganda	Uganda	West and Central Africa	Uganda: Kichwamba	0.8666666666666667	1.0333333333333332	0.9333333333333333	0.7333333333333333
SRR11006867	Thailand	Thailand	Americas, East Kenya and others	Thailand: Bangkok	1.0	1.1379310344827587	2.7241379310344827	0.9655172413793104
SRR11006868	Uganda	Uganda	West and Central Africa	Uganda: Kichwamba	1.0	1.1851851851851851	0.7037037037037037	1.037037037037037
SRR11006869	Uganda	Uganda	West and Central Africa	Uganda: Entebbe	1.0	1.1875	0.75	0.875
SRR11006870	Uganda	Uganda	West and Central Africa	Uganda: Entebbe	1.0	0.8823529411764706	0.9411764705882353	1.0588235294117647
SRR11006871	Uganda	Uganda	West and Central Africa	Uganda: Entebbe	0.9333333333333333	1.0	1.3333333333333333	0.8666666666666667
SRR11006872	Uganda	Uganda	West and Central Africa	Uganda: Entebbe	0.9285714285714286	0.9285714285714286	0.9285714285714286	0.75
SRR11006873	Uganda	Uganda	West and Central Africa	Uganda: Entebbe	1.08	0.96	0.88	0.8
SRR11006874	Uganda	Uganda	West and Central Africa	Uganda: Entebbe	1.0	1.1304347826086956	1.1304347826086956	0.9130434782608695
SRR11006875	Uganda	Uganda	West and Central Africa	Uganda: Entebbe	0.8636363636363636	1.1363636363636365	0.7272727272727273	1.0
SRR11006877	Uganda	Uganda	West and Central Africa	Uganda: Entebbe	0.9166666666666666	0.875	0.75	0.8333333333333334
SRR11006878	Thailand	Thailand	Americas, East Kenya and others	Thailand: Bangkok	0.9629629629629629	0.9814814814814814	3.1481481481481484	1.0
SRR11006879	Uganda	Uganda	West and Central Africa	Uganda: Entebbe	1.0	0.9444444444444444	0.6111111111111112	1.0
SRR11006880	Uganda	Uganda	West and Central Africa	Uganda: Entebbe	1.0416666666666667	0.7916666666666666	0.875	0.9583333333333334
SRR11006881	Uganda	Uganda	West and Central Africa	Uganda: Entebbe	1.0	0.8888888888888888	0.7222222222222222	0.8888888888888888
SRR11006882	Uganda	Uganda	West and Central Africa	Uganda: Karenga	0.9523809523809523	1.0714285714285716	0.5714285714285714	0.9047619047619048
SRR11006883	Uganda	Uganda	West and Central Africa	Uganda: Karenga	1.0666666666666667	1.1333333333333333	0.7333333333333333	1.0666666666666667
SRR11006884	Uganda	Uganda	West and Central Africa	Uganda: Karenga	0.95	1.1	1.05	1.05
SRR11006885	Kenya	West Kenya	East Kenya and South Africa	Kenya: Virhembe	1.0833333333333333	1.125	1.0208333333333335	0.9166666666666666
SRR11006887	Kenya	West Kenya	West and Central Africa	Kenya: Virhembe	1.0	1.0555555555555556	0.8333333333333334	1.1111111111111112
SRR11006888	Kenya	West Kenya	West and Central Africa	Kenya: Virhembe	1.0	1.1666666666666667	0.6111111111111112	1.0555555555555556
SRR11006889	Thailand	Thailand	Americas, East Kenya and others	Thailand: Bangkok	1.0	1.0526315789473684	2.5	0.9210526315789473
SRR11006890	Kenya	West Kenya	West and Central Africa	Kenya: Virhembe	1.0769230769230769	1.3461538461538463	0.7692307692307693	0.8461538461538461
SRR11006891	Kenya	West Kenya	West and Central Africa	Kenya: Virhembe	1.0	0.8333333333333334	0.6666666666666666	1.0
SRR11006892	Kenya	West Kenya	West and Central Africa	Kenya: Virhembe	0.9565217391304348	1.0	0.8260869565217391	1.0
SRR11006893	Kenya	West Kenya	West and Central Africa	Kenya: Virhembe	1.0526315789473684	0.9473684210526315	0.7894736842105263	1.0
SRR11006894	Kenya	West Kenya	West and Central Africa	Kenya: Virhembe	1.0625	1.1875	0.75	1.0
SRR11006895	Kenya	West Kenya	West and Central Africa	Kenya: Virhembe	1.0	1.0666666666666667	0.8	0.8666666666666667
SRR11006896	Kenya	West Kenya	West and Central Africa	Kenya: Virhembe	1.0526315789473684	1.105263157894737	0.8421052631578947	0.8947368421052632
SRR11006897	Kenya	West Kenya	West and Central Africa	Kenya: Virhembe	1.0	1.0833333333333333	0.75	0.6666666666666666
SRR11006898	Kenya	West Kenya	West and Central Africa	Kenya: Virhembe	1.0	1.125	0.75	1.0
SRR11006899	Kenya	West Kenya	West and Central Africa	Kenya: Virhembe	1.0625	1.0625	0.6875	1.03125
SRR11006900	Thailand	Thailand	Americas, East Kenya and others	Thailand: Bangkok	0.9	0.95	3.925	0.95
SRR11006901	Kenya	West Kenya	West and Central Africa	Kenya: Virhembe	1.0666666666666667	0.9333333333333333	0.7333333333333333	1.0
SRR11006902	Kenya	West Kenya	West and Central Africa	Kenya: Virhembe	1.0	1.0	0.8235294117647058	1.0
SRR11006903	Kenya	West Kenya	West and Central Africa	Kenya: Virhembe	1.0	1.1764705882352942	1.2352941176470589	1.1764705882352942
SRR11006904	Kenya	West Kenya	West and Central Africa	Kenya: Virhembe	0.9375	1.0	1.125	1.125
SRR11006905	Kenya	West Kenya	West and Central Africa	Kenya: Virhembe	0.9444444444444444	0.7777777777777778	0.9444444444444444	0.9444444444444444
SRR11006906	Kenya	West Kenya	West and Central Africa	Kenya: Virhembe	1.0	1.0	1.1111111111111112	1.2777777777777777
SRR11006907	Uganda	Uganda	West and Central Africa	Uganda: Kichwamba	1.0	0.9583333333333334	0.875	1.0
SRR11006908	Uganda	Uganda	West and Central Africa	Uganda: Kichwamba	0.9444444444444444	0.9444444444444444	1.0833333333333335	1.0
SRR11006909	Uganda	Uganda	West and Central Africa	Uganda: Kichwamba	1.0	1.2	1.2666666666666666	1.2
SRR11006910	Uganda	Uganda	West and Central Africa	Uganda: Kichwamba	0.8421052631578947	1.0526315789473684	0.9473684210526315	0.9473684210526315
SRR11006911	Thailand	Thailand	Americas, East Kenya and others	Thailand: Bangkok	0.85	0.85	2.75	0.95
SRR11006912	Uganda	Uganda	West and Central Africa	Uganda: Kichwamba	0.9375	0.875	1.125	0.9375
SRR11006913	Uganda	Uganda	West and Central Africa	Uganda: Kichwamba	1.0	0.9545454545454546	0.7727272727272727	0.9545454545454546
SRR11006914	Uganda	Uganda	West and Central Africa	Uganda: Bundibugyo	0.9375	1.0625	1.25	0.875
SRR11006915	Uganda	Uganda	West and Central Africa	Uganda: Bundibugyo	1.105263157894737	1.263157894736842	1.0	1.1315789473684212
SRR11006916	Uganda	Uganda	West and Central Africa	Uganda: Bundibugyo	1.0	1.0	0.95	0.85
SRR11006917	Uganda	Uganda	West and Central Africa	Uganda: Bundibugyo	1.0434782608695652	1.0869565217391304	0.8695652173913043	1.1304347826086956
SRR11006918	Uganda	Uganda	West and Central Africa	Uganda: Bundibugyo	1.0	0.9473684210526315	0.8947368421052632	0.8421052631578947
SRR11006919	Uganda	Uganda	West and Central Africa	Uganda: Bundibugyo	1.0	0.9	1.05	1.0
SRR11006920	Uganda	Uganda	West and Central Africa	Uganda: Bundibugyo	0.9	1.15	0.5	1.1749999999999998
SRR11006921	Uganda	Uganda	West and Central Africa	Uganda: Bundibugyo	1.1304347826086956	1.0434782608695652	0.8260869565217391	0.9347826086956521
SRR11006922	Thailand	Thailand	Americas, East Kenya and others	Thailand: Bangkok	0.9411764705882353	0.9411764705882353	4.117647058823529	0.8235294117647058
SRR11006923	Uganda	Uganda	West and Central Africa	Uganda: Bundibugyo	0.95	1.1	0.85	0.9
SRR11006924	Uganda	Uganda	West and Central Africa	Uganda: Bundibugyo	1.0	1.0	0.7894736842105263	1.105263157894737
SRR11006925	Uganda	Uganda	West and Central Africa	Uganda: Bundibugyo	1.0526315789473684	0.8947368421052632	0.9210526315789473	0.7894736842105263
SRR11006926	Uganda	Uganda	West and Central Africa	Uganda: Bundibugyo	0.9545454545454546	1.0	0.8636363636363636	0.8863636363636364
SRR11006927	Uganda	Uganda	West and Central Africa	Uganda: Bundibugyo	1.0476190476190477	1.1428571428571428	1.0476190476190477	0.9047619047619048
SRR11006928	Uganda	Uganda	West and Central Africa	Uganda: Bundibugyo	0.9444444444444444	0.8888888888888888	0.8333333333333334	1.0
SRR11006929	Kenya	East Kenya	East Kenya and South Africa	Kenya: ShimbaHills	1.0588235294117647	1.1764705882352942	0.8823529411764706	0.9411764705882353
SRR11006930	Kenya	East Kenya	East Kenya and South Africa	Kenya: ShimbaHills	1.0588235294117647	1.2352941176470589	0.8823529411764706	0.8823529411764706
SRR11006931	Kenya	East Kenya	East Kenya and South Africa	Kenya: ShimbaHills	1.1333333333333333	1.0	0.8	0.8666666666666667
SRR11006932	Kenya	East Kenya	East Kenya and South Africa	Kenya: ShimbaHills	1.0	0.9	0.8	0.9
SRR11006933	Thailand	Thailand	Americas, East Kenya and others	Thailand: Bangkok	0.8461538461538461	1.0769230769230769	4.3076923076923075	1.0769230769230769
SRR11006934	Kenya	East Kenya	East Kenya and South Africa	Kenya: ShimbaHills	1.0	1.2	0.8	0.9
SRR11006935	Kenya	East Kenya	East Kenya and South Africa	Kenya: ShimbaHills	1.0	1.0555555555555556	0.6388888888888888	0.8611111111111112
SRR11006936	Kenya	East Kenya	East Kenya and South Africa	Kenya: Rabai	1.1176470588235294	1.0588235294117647	1.0588235294117647	0.8823529411764706
SRR11006938	Kenya	East Kenya	East Kenya and South Africa	Kenya: Rabai	1.0	1.0	1.05	1.0
SRR11006939	Kenya	East Kenya	East Kenya and South Africa	Kenya: Rabai	0.9523809523809523	1.0476190476190477	0.8095238095238095	0.9047619047619048
SRR11006940	Kenya	East Kenya	East Kenya and South Africa	Kenya: Rabai	0.8888888888888888	0.8888888888888888	1.0	1.0
SRR11006941	Kenya	East Kenya	East Kenya and South Africa	Kenya: Rabai	0.9411764705882353	1.1176470588235294	0.8235294117647058	1.0
SRR11006942	Kenya	East Kenya	East Kenya and South Africa	Kenya: Rabai	1.0	1.1	0.9	0.95
SRR11006943	Kenya	East Kenya	East Kenya and South Africa	Kenya: Rabai	1.0	1.05	0.85	0.875
SRR11006944	Thailand	Thailand	Americas, East Kenya and others	Thailand: Bangkok	1.0526315789473684	0.9473684210526315	6.421052631578948	1.1578947368421053
SRR11006945	Kenya	East Kenya	East Kenya and South Africa	Kenya: Rabai	1.05	1.1	1.3	1.05
SRR11006946	Kenya	East Kenya	East Kenya and South Africa	Kenya: Rabai	1.0	1.15	0.6	1.05
SRR11006947	Kenya	East Kenya	East Kenya and South Africa	Kenya: Rabai	1.0555555555555556	1.2222222222222223	1.0	0.8611111111111112
SRR11006948	Kenya	East Kenya	East Kenya and South Africa	Kenya: Rabai	0.9583333333333334	1.125	1.0416666666666667	1.0
SRR11006949	Kenya	East Kenya	East Kenya and South Africa	Kenya: Rabai	1.0	1.3571428571428572	0.6428571428571429	1.1428571428571428
SRR11006950	Kenya	East Kenya	East Kenya and South Africa	Kenya: Rabai	1.0	1.0	0.9444444444444444	0.9444444444444444
SRR11006951	Kenya	East Kenya	East Kenya and South Africa	Kenya: Rabai	0.9545454545454546	0.9545454545454546	0.8636363636363636	0.7727272727272727
SRR11006952	Kenya	East Kenya	East Kenya and South Africa	Kenya: Rabai	1.0	0.8823529411764706	0.6470588235294118	0.9411764705882353
SRR11006953	Kenya	East Kenya	East Kenya and South Africa	Kenya: Rabai	0.9473684210526315	1.105263157894737	0.8421052631578947	1.0
SRR11006954	Kenya	East Kenya	East Kenya and South Africa	Kenya: Rabai	0.9090909090909091	1.0909090909090908	0.8636363636363636	0.9318181818181819
SRR11006955	Thailand	Thailand	Americas, East Kenya and others	Thailand: Bangkok	0.9285714285714286	1.0	3.9285714285714284	1.0714285714285714
SRR11006956	Thailand	Thailand	Americas, East Kenya and others	Thailand: Bangkok	1.0555555555555556	1.0	3.611111111111111	1.1388888888888888
SRR11006957	Thailand	Thailand	Americas, East Kenya and others	Thailand: Bangkok	1.0	1.0	3.7058823529411766	0.9411764705882353
SRR11100104	USA	USA	Americas, East Kenya and others	Mexico: Cuernavaca	1.0	1.0	8.428571428571429	1.0714285714285714
SRR11100105	USA	USA	Americas, East Kenya and others	USA: Chula Vista	1.0	0.8	0.7	1.0
SRR11100109	USA	USA	Americas, East Kenya and others	USA: Calexico	1.0714285714285714	0.7857142857142857	3.9642857142857144	1.0
SRR11100110	USA	USA	Americas, East Kenya and others	USA: Calexico	1.2	1.2	11.649999999999999	1.1
SRR11100111	USA	USA	Americas, East Kenya and others	USA: Fowler	1.0	1.4444444444444444	1.2222222222222223	1.1111111111111112
SRR11100112	USA	USA	Americas, East Kenya and others	USA: El Centro	1.0	1.1818181818181819	0.9090909090909091	1.0909090909090908
SRR11100113	USA	USA	Americas, East Kenya and others	USA: El Centro	0.9166666666666666	1.25	4.208333333333334	0.75
SRR11100115	USA	USA	Americas, East Kenya and others	USA: Brawley/Calipatria	1.0	1.0	0.6499999999999999	1.5
SRR11100119	USA	USA	Americas, East Kenya and others	USA: Cathedral City/Palm Desert	1.1	1.2	0.8	0.8500000000000001
SRR11100120	USA	USA	Americas, East Kenya and others	USA: Mission Viejo	1.0	1.1	3.1	0.7
SRR11100121	USA	USA	Americas, East Kenya and others	USA: Mission Viejo	1.1	1.0	2.7	0.9
SRR11100122	USA	USA	Americas, East Kenya and others	USA: Fowler	1.0833333333333333	1.25	4.583333333333333	1.0833333333333333
SRR11100125	USA	USA	Americas, East Kenya and others	USA: Santa Ana	1.0	1.0909090909090908	1.0	0.8181818181818182
SRR11100126	USA	USA	Americas, East Kenya and others	USA: Garden Grove	1.0	1.0	1.0	0.8181818181818182
SRR11100127	USA	USA	Americas, East Kenya and others	USA: Garden Grove	1.0	1.2	1.0	1.0
SRR11100128	USA	USA	Americas, East Kenya and others	USA: Orange	1.1	1.2	3.5	1.1
SRR11100129	USA	USA	Americas, East Kenya and others	USA: Orange	1.0	1.3	3.2	1.0
SRR11100131	USA	USA	Americas, East Kenya and others	USA: Anaheim	1.0	1.0	2.4	0.7
SRR11100133	USA	USA	Americas, East Kenya and others	USA: Sanger	0.8888888888888888	1.2222222222222223	4.666666666666667	0.8888888888888888
SRR11100134	USA	USA	Americas, East Kenya and others	USA: La Palma/Stanton	0.8181818181818182	0.9090909090909091	0.7272727272727273	0.6363636363636364
SRR11100135	USA	USA	Americas, East Kenya and others	USA: La Palma/Stanton	0.9166666666666666	0.9166666666666666	0.75	0.8333333333333334
SRR11100136	USA	USA	Americas, East Kenya and others	USA: La Palma/Stanton	1.0	1.0909090909090908	0.5454545454545454	0.9090909090909091
SRR11100137	USA	USA	Americas, East Kenya and others	USA: Riverside	0.9166666666666666	0.8333333333333334	0.5	0.6666666666666666
SRR11100138	USA	USA	Americas, East Kenya and others	USA: Riverside	1.25	1.0833333333333333	4.583333333333333	0.8333333333333334
SRR11100139	USA	USA	Americas, East Kenya and others	USA: Riverside	1.5	1.1666666666666667	1.3333333333333333	0.8333333333333334
SRR11100141	USA	USA	Americas, East Kenya and others	USA: La Habra	0.8888888888888888	1.1111111111111112	5.111111111111111	0.9444444444444444
SRR11100142	USA	USA	Americas, East Kenya and others	USA: La Habra	1.0	1.0555555555555556	1.2222222222222223	0.8888888888888888
SRR11100146	USA	USA	Americas, East Kenya and others	USA: Brea	0.8181818181818182	1.0909090909090908	1.8636363636363638	1.0
SRR11100147	USA	USA	Americas, East Kenya and others	USA: Brea	1.1	0.95	0.6499999999999999	1.2
SRR11100148	USA	USA	Americas, East Kenya and others	USA: Downey	1.0833333333333333	0.7916666666666667	0.875	1.0
SRR11100149	USA	USA	Americas, East Kenya and others	USA: Downey	1.0	1.2	1.1	0.8
SRR11100150	USA	USA	Americas, East Kenya and others	USA: Downey	1.0	1.0	0.5	0.9
SRR11100152	USA	USA	Americas, East Kenya and others	USA: Whittier	1.0	0.9230769230769231	1.6923076923076923	1.0
SRR11100154	USA	USA	Americas, East Kenya and others	USA: Hacienda Heights	1.1111111111111112	1.1111111111111112	0.7777777777777778	0.8888888888888888
SRR11100157	USA	USA	Americas, East Kenya and others	USA: Montery Park	1.0	1.0714285714285714	0.8571428571428571	0.9285714285714286
SRR11100159	USA	USA	Americas, East Kenya and others	USA: East Los Angeles	1.2	1.3	4.1	1.0
SRR11100161	USA	USA	Americas, East Kenya and others	USA: Pomona/Montclair	0.9375	0.9375	1.0625	1.0625
SRR11100162	USA	USA	Americas, East Kenya and others	USA: Pomona/Montclair	0.9333333333333333	1.0666666666666667	0.8	1.0
SRR11100163	USA	USA	Americas, East Kenya and others	USA: Pomona/Montclair	1.375	1.0625	0.75	0.875
SRR11100166	USA	USA	Americas, East Kenya and others	USA: Kerman	1.0833333333333333	0.8333333333333334	0.6666666666666666	1.0
SRR11100167	USA	USA	Americas, East Kenya and others	USA: Colton	0.9	1.1	0.5	1.0
SRR11100168	USA	USA	Americas, East Kenya and others	USA: Alhambra	0.875	1.0	2.0625	0.75
SRR11100169	USA	USA	Americas, East Kenya and others	USA: Alhambra	0.9	1.1	0.9	0.9
SRR11100170	USA	USA	Americas, East Kenya and others	USA: Alhambra	1.0	1.0909090909090908	0.7272727272727273	0.9090909090909091
SRR11100171	USA	USA	Americas, East Kenya and others	USA: Arvin	0.9	1.2	4.1	1.1
SRR11100172	USA	USA	Americas, East Kenya and others	USA: Arvin	1.0	0.9090909090909091	0.6363636363636364	0.9090909090909091
SRR11100173	USA	USA	Americas, East Kenya and others	USA: Exeter	0.8709677419354839	1.096774193548387	0.7741935483870968	1.0
SRR11100174	USA	USA	Americas, East Kenya and others	USA: Corcoran	0.9	0.9	8.6	1.1
SRR11100176	USA	USA	Americas, East Kenya and others	USA: Tulare	1.0769230769230769	1.0769230769230769	0.7692307692307693	1.1538461538461537
SRR11100177	USA	USA	Americas, East Kenya and others	USA: Kerman	1.0	1.1666666666666667	0.6666666666666666	0.875
SRR11100178	USA	USA	Americas, East Kenya and others	USA: Lenmoore	1.0	1.0	0.6499999999999999	1.1
SRR11100181	USA	USA	Americas, East Kenya and others	USA: Visalia	1.0	0.8333333333333334	0.5833333333333334	0.9166666666666666
SRR11100183	USA	USA	Americas, East Kenya and others	USA: Visalia	1.0	1.2727272727272727	0.9090909090909091	0.7272727272727273
SRR11100184	USA	USA	Americas, East Kenya and others	USA: Hanford	1.0	1.2	9.3	1.0
SRR11100185	USA	USA	Americas, East Kenya and others	USA: Hanford	0.9090909090909091	1.0	1.0	1.0909090909090908
SRR11100186	USA	USA	Americas, East Kenya and others	USA: Hanford	1.0	0.8181818181818182	9.545454545454545	1.0
SRR11100188	USA	USA	Americas, East Kenya and others	USA: Clovis	1.0	1.1666666666666667	1.1666666666666667	0.9166666666666666
SRR11100191	USA	USA	Americas, East Kenya and others	USA: Kingsburg	1.0	1.2727272727272727	0.9090909090909091	1.1818181818181819
SRR11100196	USA	USA	Americas, East Kenya and others	USA: Reedley	0.9230769230769231	1.0	4.230769230769231	0.8461538461538461
SRR11100197	USA	USA	Americas, East Kenya and others	USA: Reedley	1.0	1.0833333333333333	0.9166666666666666	1.0
SRR11100198	S. Africa	S. Africa	East Kenya and South Africa	South Africa: Shingwedzi	0.96	0.98	0.96	0.96
SRR11100200	S. Africa	S. Africa	East Kenya and South Africa	South Africa: Pretoria	0.8181818181818182	0.9090909090909091	0.7272727272727273	0.8181818181818182
SRR11100202	USA	USA	Americas, East Kenya and others	USA: Fowler	1.125	1.0	0.5	1.125
SRR11100203	USA	USA	Americas, East Kenya and others	USA: Fresno	1.103448275862069	1.0	0.8620689655172413	0.8620689655172413
SRR11196609	American Samoa	American Samoa	Americas, East Kenya and others	American Samoa:Tutuila island	0.9565217391304348	1.0434782608695652	1.5434782608695654	0.9565217391304348
SRR11196611	Mexico	Mexico	Americas, East Kenya and others	Mexico: Tapachula	1.375	1.0833333333333333	4.458333333333333	1.125
SRR11196612	Mexico	Mexico	Americas, East Kenya and others	Mexico: Tapachula	1.0454545454545454	1.1363636363636365	9.136363636363637	1.0454545454545454
SRR11196613	Mexico	Mexico	Americas, East Kenya and others	Mexico: Tapachula	1.03125	1.0625	4.625	1.046875
SRR11196614	Mexico	Mexico	Americas, East Kenya and others	Mexico: Tapachula	1.0294117647058822	0.9705882352941176	10.367647058823529	0.8529411764705882
SRR11196615	Mexico	Mexico	Americas, East Kenya and others	Mexico: Tapachula	1.0	1.0	10.608695652173912	1.1304347826086956
SRR11196616	Kenya	East Kenya	East Kenya and South Africa	Kenya: Rabai	0.96	1.2	0.88	1.12
SRR11196617	Kenya	East Kenya	East Kenya and South Africa	Kenya: Rabai	1.0333333333333334	1.0833333333333335	0.8333333333333334	0.9166666666666667
SRR11196618	Kenya	East Kenya	East Kenya and South Africa	Kenya: Rabai	1.08	0.96	0.8	0.88
SRR11196619	Kenya	East Kenya	East Kenya and South Africa	Kenya: Rabai	1.0	1.15	0.9	0.95
SRR11196620	American Samoa	American Samoa	Americas, East Kenya and others	American Samoa:Tutuila island	1.0	1.0689655172413792	1.3620689655172415	1.206896551724138
SRR11196621	Kenya	East Kenya	East Kenya and South Africa	Kenya: Rabai	1.0	1.0	1.4	1.05
SRR11196622	Kenya	East Kenya	East Kenya and South Africa	Kenya: Rabai	1.0	1.25	0.9545454545454546	1.0454545454545454
SRR11196623	Kenya	East Kenya	East Kenya and South Africa	Kenya: Rabai	0.9047619047619048	1.0714285714285716	0.6666666666666666	0.8095238095238095
SRR11196624	Kenya	East Kenya	East Kenya and South Africa	Kenya: Rabai	1.0	1.1363636363636365	0.7727272727272727	1.0
SRR11196625	Kenya	East Kenya	East Kenya and South Africa	Kenya: Rabai	1.0	0.9523809523809523	0.9523809523809523	0.8571428571428571
SRR11196626	Kenya	East Kenya	East Kenya and South Africa	Kenya: Rabai	1.0952380952380953	1.0238095238095237	0.9523809523809523	0.9523809523809523
SRR11196627	Kenya	East Kenya	East Kenya and South Africa	Kenya: Rabai	1.0	1.1923076923076923	0.9230769230769231	1.0
SRR11196628	Kenya	East Kenya	East Kenya and South Africa	Kenya: Rabai	1.05	1.15	1.1	1.0
SRR11196629	Kenya	East Kenya	East Kenya and South Africa	Kenya: Rabai	1.0416666666666667	1.1666666666666667	0.7916666666666666	0.9166666666666666
SRR11196630	Kenya	East Kenya	East Kenya and South Africa	Kenya: Rabai	0.9583333333333334	1.2083333333333333	1.0416666666666667	0.9583333333333334
SRR11196631	American Samoa	American Samoa	Americas, East Kenya and others	American Samoa:Tutuila island	1.4242424242424243	1.0303030303030303	1.5151515151515151	1.121212121212121
SRR11196632	Kenya	East Kenya	East Kenya and South Africa	Kenya: Rabai	0.92	1.12	0.84	1.04
SRR11196633	Kenya	East Kenya	East Kenya and South Africa	Kenya: Rabai	1.1	1.15	1.0	1.15
SRR11196634	Ghana	Ghana	West and Central Africa	Ghana: Larabanga	1.0	1.0454545454545454	0.9545454545454546	1.0681818181818181
SRR11196635	Ghana	Ghana	West and Central Africa	Ghana: Larabanga	1.0	1.1363636363636365	1.2272727272727273	1.0
SRR11196636	Ghana	Ghana	West and Central Africa	Ghana: Larabanga	0.96	1.08	1.04	1.04
SRR11196637	Ghana	Ghana	West and Central Africa	Ghana: Larabanga	1.0	1.1923076923076923	0.8846153846153846	1.1153846153846154
SRR11196638	Ghana	Ghana	West and Central Africa	Ghana: Larabanga	1.1363636363636365	1.1818181818181819	1.1363636363636365	1.0909090909090908
SRR11196639	Ghana	Ghana	West and Central Africa	Ghana: Larabanga	0.96	1.04	0.88	1.0
SRR11196640	Ghana	Ghana	West and Central Africa	Ghana: Larabanga	0.9615384615384616	1.0769230769230769	0.8846153846153846	1.0769230769230769
SRR11196641	American Samoa	American Samoa	Americas, East Kenya and others	American Samoa:Tutuila island	1.3333333333333333	1.1	1.7333333333333334	1.1
SRR11196642	American Samoa	American Samoa	Americas, East Kenya and others	American Samoa:Tutuila island	0.8709677419354839	0.9838709677419355	1.5483870967741935	0.967741935483871
SRR11196643	Mexico	Mexico	Americas, East Kenya and others	Mexico: Tapachula	0.96	1.04	9.780000000000001	0.96
SRR11196644	Mexico	Mexico	Americas, East Kenya and others	Mexico: Tapachula	1.0	1.0769230769230769	8.28846153846154	1.1153846153846154
SRR11196645	Mexico	Mexico	Americas, East Kenya and others	Mexico: Tapachula	0.9655172413793104	0.9655172413793104	0.6896551724137931	1.1724137931034482
SRR11196646	Mexico	Mexico	Americas, East Kenya and others	Mexico: Tapachula	1.0454545454545454	0.9545454545454546	8.636363636363637	1.0
SRR11196647	Mexico	Mexico	Americas, East Kenya and others	Mexico: Tapachula	1.0	1.173913043478261	7.760869565217391	1.0869565217391304
SRR11196648	Mexico	Mexico	Americas, East Kenya and others	Mexico: Tapachula	1.3478260869565217	1.0869565217391304	4.369565217391305	1.0
SRR11196649	Mexico	Mexico	Americas, East Kenya and others	Mexico: Tapachula	0.9565217391304348	1.0869565217391304	7.695652173913044	1.173913043478261
SRR11196650	Mexico	Mexico	Americas, East Kenya and others	Mexico: Tapachula	1.0454545454545454	1.0	8.84090909090909	1.0909090909090908
SRR11196651	Mexico	Mexico	Americas, East Kenya and others	Mexico: Tapachula	1.0	1.0434782608695652	4.869565217391305	1.108695652173913
SRR11196652	Mexico	Mexico	Americas, East Kenya and others	Mexico: Tapachula	0.9583333333333334	0.9583333333333334	4.75	1.0416666666666667
SRR11196653	Ghana	Ghana	West and Central Africa	Ghana: Larabanga	1.032258064516129	1.1290322580645162	0.9354838709677419	1.096774193548387
SRR11196654	American Samoa	American Samoa	Americas, East Kenya and others	American Samoa:Tutuila island	0.9473684210526315	1.0526315789473684	1.736842105263158	1.0
SRR11196655	Ghana	Ghana	West and Central Africa	Ghana: Larabanga	1.0	1.04	0.96	1.0
SRR11196656	Ghana	Ghana	West and Central Africa	Ghana: Larabanga	0.9428571428571428	1.1428571428571428	1.0285714285714285	1.0285714285714285
SRR11196657	Ghana	Ghana	West and Central Africa	Ghana: Larabanga	1.0	1.04	1.0	1.16
SRR11196658	Ghana	Ghana	West and Central Africa	Ghana: Larabanga	1.0	0.9705882352941176	0.8235294117647058	1.0
SRR11196659	Ghana	Ghana	West and Central Africa	Ghana: Larabanga	1.1304347826086956	1.0869565217391304	1.2608695652173914	1.1304347826086956
SRR11196660	Ghana	Ghana	West and Central Africa	Ghana: Larabanga	0.9666666666666667	1.0	0.7666666666666667	1.1
SRR11196661	Ghana	Ghana	West and Central Africa	Ghana: Larabanga	1.0714285714285714	1.1428571428571428	1.1071428571428572	1.0714285714285714
SRR11196662	Ghana	Ghana	West and Central Africa	Ghana: Larabanga	0.9090909090909091	1.1363636363636365	0.9545454545454546	1.0
SRR11196663	Gabon	Gabon	West and Central Africa	Gabon: Franceville	1.1111111111111112	1.1111111111111112	1.0555555555555556	1.1666666666666667
SRR11196664	Gabon	Gabon	West and Central Africa	Gabon: Franceville	1.08	0.96	0.92	1.12
SRR11196665	American Samoa	American Samoa	Americas, East Kenya and others	American Samoa:Tutuila island	1.0	1.0384615384615385	1.1153846153846154	1.1153846153846154
SRR11196666	Gabon	Gabon	West and Central Africa	Gabon: Franceville	0.9655172413793104	1.1724137931034482	1.0344827586206897	1.0344827586206897
SRR11196667	Gabon	Gabon	West and Central Africa	Gabon: Franceville	1.0	1.2083333333333333	0.9583333333333334	0.8333333333333334
SRR11196668	Gabon	Gabon	West and Central Africa	Gabon: Franceville	0.8888888888888888	0.9259259259259259	0.8888888888888888	0.8518518518518519
SRR11196669	Gabon	Gabon	West and Central Africa	Gabon: Franceville	1.0769230769230769	1.2307692307692308	1.0	1.0
SRR11196670	Gabon	Gabon	West and Central Africa	Gabon: Franceville	0.9130434782608695	0.9565217391304348	0.9565217391304348	0.9782608695652174
SRR11196671	Gabon	Gabon	West and Central Africa	Gabon: Franceville	0.9090909090909091	1.1363636363636365	0.9090909090909091	0.8181818181818182
SRR11196672	Gabon	Gabon	West and Central Africa	Gabon: Franceville	1.0	1.2173913043478262	0.9130434782608695	0.9565217391304348
SRR11196673	Gabon	Gabon	West and Central Africa	Gabon: Franceville	1.0	1.0869565217391304	0.9130434782608695	0.9565217391304348
SRR11196674	Gabon	Gabon	West and Central Africa	Gabon: Franceville	1.0	0.95	0.9	1.0
SRR11196675	Gabon	Gabon	West and Central Africa	Gabon: Franceville	1.0	1.15	0.9	0.9
SRR11196676	American Samoa	American Samoa	Americas, East Kenya and others	American Samoa:Tutuila island	1.1111111111111112	1.1481481481481481	1.4444444444444444	1.1481481481481481
SRR11196677	Gabon	Gabon	West and Central Africa	Gabon: Franceville	1.0416666666666667	1.0416666666666667	1.2916666666666667	1.0833333333333333
SRR11196678	Gabon	Gabon	West and Central Africa	Gabon: Franceville	1.0571428571428572	1.0857142857142856	1.0285714285714285	0.9714285714285714
SRR11196679	Gabon	Gabon	West and Central Africa	Gabon: Franceville	1.0	1.1851851851851851	0.9814814814814814	0.8888888888888888
SRR11196680	Gabon	Gabon	West and Central Africa	Gabon: Franceville	1.0	1.0	0.8260869565217391	1.0
SRR11196681	American Samoa	American Samoa	Americas, East Kenya and others	American Samoa:Tutuila island	1.3125	1.125	1.75	1.0
SRR11196682	American Samoa	American Samoa	Americas, East Kenya and others	American Samoa:Tutuila island	1.3703703703703705	0.9629629629629629	1.0740740740740742	1.0555555555555556
SRR11196683	American Samoa	American Samoa	Americas, East Kenya and others	American Samoa:Tutuila island	1.0	1.0357142857142858	1.6071428571428572	1.0357142857142858
SRR11196684	American Samoa	American Samoa	Americas, East Kenya and others	American Samoa:Tutuila island	0.9259259259259259	1.0740740740740742	1.6666666666666667	1.1851851851851851
SRR11196685	American Samoa	American Samoa	Americas, East Kenya and others	American Samoa:Tutuila island	0.92	1.12	1.2	0.92
SRR11196686	American Samoa	American Samoa	Americas, East Kenya and others	American Samoa:Tutuila island	1.037037037037037	1.0740740740740742	1.3703703703703705	1.0740740740740742
SRR11196687	American Samoa	American Samoa	Americas, East Kenya and others	American Samoa:Tutuila island	1.037037037037037	1.037037037037037	1.6296296296296295	0.9259259259259259
SRR11196688	American Samoa	American Samoa	Americas, East Kenya and others	American Samoa:Tutuila island	1.0869565217391304	1.0869565217391304	1.9130434782608696	1.0434782608695652
SRR11237929	USA	USA	Americas, East Kenya and others	USA: Fresno/Clovis CA	0.8181818181818182	0.8181818181818182	0.8181818181818182	0.6818181818181819
SRR11237930	USA	USA	Americas, East Kenya and others	USA: Fresno/Clovis CA	1.0	0.8	1.6	0.8
SRR11237931	USA	USA	Americas, East Kenya and others	USA: Fresno/Clovis CA	1.0	0.9	0.4	1.2
SRR11237933	USA	USA	Americas, East Kenya and others	USA: Fresno/Clovis CA	0.8571428571428571	1.1428571428571428	1.1428571428571428	1.1428571428571428
SRR11237935	USA	USA	Americas, East Kenya and others	USA: Fresno/Clovis CA	0.7777777777777778	1.0	0.7777777777777778	0.6666666666666666
SRR11237936	USA	USA	Americas, East Kenya and others	USA: Fresno/Clovis CA	1.1428571428571428	0.8571428571428571	0.8571428571428571	1.1428571428571428
SRR11237937	USA	USA	Americas, East Kenya and others	USA: Fresno/Clovis CA	0.8333333333333334	0.75	0.8333333333333334	1.0
SRR11237938	USA	USA	Americas, East Kenya and others	USA: Fresno/Clovis CA	0.9090909090909091	0.9090909090909091	0.6363636363636364	0.8636363636363636
SRR11237939	USA	USA	Americas, East Kenya and others	USA: Fresno/Clovis CA	0.8571428571428571	0.8571428571428571	1.1428571428571428	0.7142857142857143
SRR11237940	USA	USA	Americas, East Kenya and others	USA: Fresno/Clovis CA	0.6666666666666666	0.8333333333333334	4.666666666666667	0.8333333333333334
SRR11237941	USA	USA	Americas, East Kenya and others	USA: Fresno/Clovis CA	0.8333333333333334	0.6666666666666666	1.1666666666666667	1.5
SRR11237942	USA	USA	Americas, East Kenya and others	USA: Fresno/Clovis CA	0.75	0.75	0.375	0.375
SRR11237944	USA	USA	Americas, East Kenya and others	USA: Fresno/Clovis CA	0.875	1.125	0.75	1.0
SRR11237945	USA	USA	Americas, East Kenya and others	USA: Fresno/Clovis CA	0.6666666666666666	1.1666666666666667	0.8333333333333334	0.75
SRR11237948	USA	USA	Americas, East Kenya and others	USA: Fresno/Clovis CA	1.0833333333333333	1.0833333333333333	1.0	1.0833333333333333
SRR11237949	USA	USA	Americas, East Kenya and others	USA: Fresno/Clovis CA	0.8	1.2	1.0	0.8
SRR11237950	USA	USA	Americas, East Kenya and others	USA: Fresno/Clovis CA	1.0	1.0	0.8	0.9
SRR11237952	USA	USA	Americas, East Kenya and others	USA: Fresno/Clovis CA	1.0	0.9	4.6	0.7
SRR11237954	USA	USA	Americas, East Kenya and others	USA: Fresno/Clovis CA	0.8181818181818182	1.1818181818181819	0.9090909090909091	0.9090909090909091
SRR11237955	USA	USA	Americas, East Kenya and others	USA: Fresno/Clovis CA	0.8181818181818182	1.0909090909090908	6.090909090909091	1.0909090909090908
SRR11237958	USA	USA	Americas, East Kenya and others	USA: Fresno/Clovis CA	0.4	0.6	4.6	0.8
SRR11237959	USA	USA	Americas, East Kenya and others	USA: Fresno/Clovis CA	1.0	1.0	5.0	0.75
SRR11237960	USA	USA	Americas, East Kenya and others	USA: Fresno/Clovis CA	1.0	0.9090909090909091	0.7272727272727273	0.8181818181818182
SRR11237961	USA	USA	Americas, East Kenya and others	USA: Fresno/Clovis CA	0.875	1.125	0.4375	0.9375
SRR11237963	USA	USA	Americas, East Kenya and others	USA: Fresno/Clovis CA	0.8	0.8	5.0	0.8
SRR11237964	USA	USA	Americas, East Kenya and others	USA: Fresno/Clovis CA	0.8	1.0	0.8	0.6
SRR11237965	USA	USA	Americas, East Kenya and others	USA: Fresno/Clovis CA	1.0	1.2222222222222223	6.222222222222222	1.0
SRR11237966	USA	USA	Americas, East Kenya and others	USA: Fresno/Clovis CA	1.0	1.125	10.625	0.875
SRR11237971	USA	USA	Americas, East Kenya and others	USA: Fresno/Clovis CA	0.7777777777777778	0.7777777777777778	0.8888888888888888	0.8888888888888888
SRR11237972	USA	USA	Americas, East Kenya and others	USA: Fresno/Clovis CA	0.875	0.875	0.875	0.875
SRR11237975	USA	USA	Americas, East Kenya and others	USA: Fresno/Clovis CA	1.0	1.0	0.6666666666666666	1.1666666666666667
SRR11237977	USA	USA	Americas, East Kenya and others	USA: Fresno/Clovis CA	1.2	0.6	1.4	1.0
SRR11237978	USA	USA	Americas, East Kenya and others	USA: Fresno/Clovis CA	1.0	1.0	1.0	1.1666666666666667
SRR11237981	USA	USA	Americas, East Kenya and others	USA: Fresno/Clovis CA	0.8333333333333334	0.6666666666666666	0.5	0.8333333333333334
SRR11237982	USA	USA	Americas, East Kenya and others	USA: Fresno/Clovis CA	0.9166666666666666	0.9166666666666666	5.666666666666667	1.0
SRR11237985	USA	USA	Americas, East Kenya and others	USA: Fresno/Clovis CA	1.125	1.0	5.25	0.875
SRR11237986	USA	USA	Americas, East Kenya and others	USA: Fresno/Clovis CA	1.0	1.1428571428571428	5.714285714285714	0.7142857142857143
SRR11237987	USA	USA	Americas, East Kenya and others	USA: Fresno/Clovis CA	0.8571428571428571	0.8571428571428571	9.285714285714286	0.8571428571428571
SRR11237988	USA	USA	Americas, East Kenya and others	USA: Fresno/Clovis CA	0.8571428571428571	0.7142857142857143	5.571428571428571	1.0
SRR11237989	USA	USA	Americas, East Kenya and others	USA: Fresno/Clovis CA	1.1666666666666667	1.3333333333333333	1.3333333333333333	1.3333333333333333
SRR11237991	USA	USA	Americas, East Kenya and others	USA: Fresno/Clovis CA	0.9	0.9	0.7	1.1
SRR11237992	USA	USA	Americas, East Kenya and others	USA: Fresno/Clovis CA	0.7777777777777778	1.0	1.1111111111111112	0.8888888888888888
SRR11237997	USA	USA	Americas, East Kenya and others	USA: Fresno/Clovis CA	0.8571428571428571	0.8571428571428571	0.5714285714285714	1.2857142857142858
SRR11237998	USA	USA	Americas, East Kenya and others	USA: Fresno/Clovis CA	1.0	1.1666666666666667	5.333333333333333	1.1666666666666667
SRR11237999	USA	USA	Americas, East Kenya and others	USA: Fresno/Clovis CA	1.0	1.2	3.8	1.4
SRR11238002	USA	USA	Americas, East Kenya and others	USA: Fresno/Clovis CA	1.0	0.6666666666666666	0.8333333333333334	0.9166666666666667
SRR11238003	USA	USA	Americas, East Kenya and others	USA: Fresno/Clovis CA	1.0	0.8571428571428571	0.8571428571428571	1.2857142857142858
SRR11238004	USA	USA	Americas, East Kenya and others	USA: Fresno/Clovis CA	1.0	1.3333333333333333	1.1666666666666667	1.0
SRR11238006	USA	USA	Americas, East Kenya and others	USA: Fresno/Clovis CA	1.0	0.6666666666666666	1.0	0.0
SRR11238007	USA	USA	Americas, East Kenya and others	USA: Fresno/Clovis CA	1.0	1.0	1.1666666666666667	1.0
SRR11238008	USA	USA	Americas, East Kenya and others	USA: Fresno/Clovis CA	0.875	0.875	0.75	0.75
SRR11238009	USA	USA	Americas, East Kenya and others	USA: Fresno/Clovis CA	0.7272727272727273	0.6363636363636364	6.363636363636363	0.6363636363636364
SRR11238010	USA	USA	Americas, East Kenya and others	USA: Fresno/Clovis CA	1.0	0.6	1.0	1.0
SRR11238011	USA	USA	Americas, East Kenya and others	USA: Fresno/Clovis CA	0.875	0.75	0.75	0.875
SRR11238014	USA	USA	Americas, East Kenya and others	USA: Fresno/Clovis CA	0.8333333333333334	0.6666666666666666	0.5	0.8333333333333334
SRR11238015	USA	USA	Americas, East Kenya and others	USA: Fresno/Clovis CA	1.0	0.8333333333333334	10.083333333333332	0.6666666666666666
SRR11238017	USA	USA	Americas, East Kenya and others	USA: Fresno/Clovis CA	0.875	0.875	0.75	1.0
SRR11238018	USA	USA	Americas, East Kenya and others	USA: Fresno/Clovis CA	1.125	1.0	11.25	0.75
SRR11238019	USA	USA	Americas, East Kenya and others	USA: Fresno/Clovis CA	1.1428571428571428	1.0	12.428571428571429	0.8571428571428571
SRR11238020	USA	USA	Americas, East Kenya and others	USA: Fresno/Clovis CA	1.0	1.125	0.375	0.625
SRR11238022	USA	USA	Americas, East Kenya and others	USA: Fresno/Clovis CA	0.8333333333333334	0.8333333333333334	5.5	1.0
SRR14196803	LAB	LAB	Americas, East Kenya and others	Austria	0.9285714285714286	0.9464285714285714	4.303571428571429	0.9285714285714286
SRR14196805	LAB	LAB	Americas, East Kenya and others	Austria	1.1481481481481481	1.037037037037037	1.5925925925925926	1.0
SRR14196806	LAB	LAB	Americas, East Kenya and others	USA	0.9649122807017544	1.0350877192982457	0.6842105263157895	0.9649122807017544
SRR14196807	LAB	LAB	Americas, East Kenya and others	USA	0.9821428571428571	1.0357142857142858	0.7142857142857143	1.0357142857142858
SRR14196811	LAB	LAB	Americas, East Kenya and others	Austria	1.0714285714285714	1.0714285714285714	4.571428571428571	1.1071428571428572
SRR14333858	USA	USA	Americas, East Kenya and others	USA: Ae13CLOV039, CA	1.1	0.9	4.7	1.3
SRR14333859	USA	USA	Americas, East Kenya and others	USA: Ae13CLOV038, CA	1.0	0.8	5.45	0.9
SRR14333860	USA	USA	Americas, East Kenya and others	USA: Ae13CLOV037, CA	1.0	0.9090909090909091	9.272727272727273	0.6363636363636364
SRR14333862	USA	USA	Americas, East Kenya and others	USA: Ae20HLSB004, FL	1.0714285714285714	1.0	0.5714285714285714	0.8571428571428571
SRR14333863	USA	USA	Americas, East Kenya and others	USA: Ae20SFRD011, FL	1.0714285714285714	1.0	0.6428571428571429	1.0
SRR14333870	USA	USA	Americas, East Kenya and others	USA: Ae20SARA002, FL	1.1666666666666667	1.2083333333333335	3.9166666666666665	0.8333333333333334
SRR14333871	USA	USA	Americas, East Kenya and others	USA: Ae20SARA001, FL	1.1666666666666667	1.0	4.5	1.2083333333333335
SRR14333873	USA	USA	Americas, East Kenya and others	USA: Ae20MIRA004, FL	1.0	0.9615384615384616	2.4615384615384617	0.7692307692307693
SRR14333876	USA	USA	Americas, East Kenya and others	USA: Ae20MIAM001, FL	1.0	1.0	2.466666666666667	0.8666666666666667
SRR14333877	USA	USA	Americas, East Kenya and others	USA: Ae20KLAR002, FL	0.8461538461538461	1.0	1.0769230769230769	0.9230769230769231
SRR14333878	USA	USA	Americas, East Kenya and others	USA: Ae20KLAR001, FL	1.0	1.0	1.0	0.9166666666666666
SRR14333879	USA	USA	Americas, East Kenya and others	USA: Ae20HOLI004, FL	1.0	1.3333333333333333	9.25	1.1666666666666667
SRR14333880	USA	USA	Americas, East Kenya and others	USA: Ae17AZRT834, AZ	0.8	0.9333333333333333	1.0	0.8666666666666667
SRR14333881	USA	USA	Americas, East Kenya and others	USA: Ae20HOLI002, FL	1.1428571428571428	1.0714285714285714	8.892857142857142	0.8571428571428571
SRR14333887	USA	USA	Americas, East Kenya and others	USA: Ae18DVCD094, CA	1.1428571428571428	1.2142857142857142	0.9285714285714286	1.0714285714285714
SRR14333890	USA	USA	Americas, East Kenya and others	USA: Ae18DVCD055, CA	0.9166666666666666	1.3333333333333333	0.9166666666666666	0.9166666666666666
SRR14333891	USA	USA	Americas, East Kenya and others	USA: Ae17AZRT207, AZ	1.0769230769230769	1.0769230769230769	0.7692307692307693	1.1153846153846154
SRR5519646	USA	USA	Americas, East Kenya and others	USA: Exeter	1.0	0.8571428571428571	0.8571428571428571	1.0
SRR5562752	USA	USA	Americas, East Kenya and others	USA: Clovis	0.8	1.2	1.0	0.9
SRR5562853	USA	USA	Americas, East Kenya and others	USA: Clovis	0.9	0.9	0.9	0.7
SRR5562854	USA	USA	Americas, East Kenya and others	USA: Brawley	1.1	0.9	1.0	0.95
SRR5562856	USA	USA	Americas, East Kenya and others	USA: Clovis	0.8888888888888888	1.0	0.7777777777777778	0.8888888888888888
SRR5562858	USA	USA	Americas, East Kenya and others	USA: Clovis	1.25	1.125	0.75	1.125
SRR5562860	USA	USA	Americas, East Kenya and others	USA: San Diego	0.9	0.9	0.75	0.8
SRR5562864	USA	USA	Americas, East Kenya and others	USA: Garden Grove	0.8571428571428571	1.0	0.7142857142857143	0.8571428571428571
SRR5562865	USA	USA	Americas, East Kenya and others	USA: Mission Viejo	0.9333333333333333	1.1333333333333333	0.8	0.9666666666666667
SRR5562866	USA	USA	Americas, East Kenya and others	USA: Fresno	1.1111111111111112	1.0	1.2222222222222223	1.0
SRR5562868	USA	USA	Americas, East Kenya and others	USA: Madera	0.8888888888888888	1.2222222222222223	4.222222222222222	1.1111111111111112
SRR5562869	USA	USA	Americas, East Kenya and others	USA: Menlo Park	1.0	0.8333333333333334	0.6666666666666666	1.0
SRR5562871	USA	USA	Americas, East Kenya and others	USA: Menlo Park	1.0	0.8333333333333334	1.0	1.0
SRR5562872	USA	USA	Americas, East Kenya and others	USA: Mission Viejo	0.875	0.875	0.5	0.875
SRR5562873	USA	USA	Americas, East Kenya and others	USA: Commerce	1.0	1.2222222222222223	2.3333333333333335	1.1111111111111112
SRR5562875	USA	USA	Americas, East Kenya and others	USA: San Diego	1.0	1.0	8.454545454545455	1.2727272727272727
SRR5562876	USA	USA	Americas, East Kenya and others	USA: San Diego	1.0	1.0714285714285714	4.642857142857143	1.1428571428571428
SRR5562877	USA	USA	Americas, East Kenya and others	USA: Exeter	0.9	0.9	0.8	0.8
SRR5562878	USA	USA	Americas, East Kenya and others	USA: Sanger	1.0	0.9166666666666667	2.6666666666666665	1.0
SRR5562879	USA	USA	Americas, East Kenya and others	USA: Clovis	0.9	1.1	10.2	1.3
SRR6313629	Australia	Australia	Americas, East Kenya and others	Australia: Queensland	1.0	0.75	0.625	0.75
SRR6313630	LAB	LAB	Americas, East Kenya and others	Liverpool Strain	0.7777777777777778	0.7777777777777778	1.2222222222222223	0.6666666666666666
SRR6313631	USA	USA	Americas, East Kenya and others	USA: Clovis	1.0	0.5	4.25	1.0
SRR6313632	Costa Rica	Costa Rica	Americas, East Kenya and others	Costa Rica	0.8928571428571429	1.0357142857142858	0.7857142857142857	0.8214285714285714
SRR9959076	Mauritius	Mauritius	Indian Ocean	Mauritius	1.1594202898550725	0.9202898550724637	0.855072463768116	1.0869565217391304
SRR9959082	Mauritius	Mauritius	Indian Ocean	Mauritius	1.381578947368421	1.0921052631578947	1.2105263157894737	1.2960526315789473
SRR9959083	Mauritius	Mauritius	Indian Ocean	Mauritius	1.4411764705882353	1.3235294117647058	1.411764705882353	1.5588235294117647
